date,tavg,tmin,tmax,prcp,snow,wdir,wspd,wpgt,pres,tsun
2020-01-01,17.4,16,23.4,,,160,20,,1017.2,
2020-01-02,18.6,15.7,21.1,,,103,16.9,,1021.6,
2020-01-03,18.9,11.8,22.5,,,51,16.3,,1022,
2020-01-04,22.9,11.8,29.6,,,340,14.7,,1013.5,
2020-01-05,20,17.9,30.1,,,34,11.9,,1006,
2020-01-06,19.7,15.9,22.7,9.1,,271,19.4,,1000.9,
2020-01-07,19.7,10.5,28.1,,,309,17.5,,1004.7,
2020-01-08,23.4,15.3,31.7,,,322,21.4,,1004.7,
2020-01-09,20.8,17,32.1,,,241,15.7,,1007.4,
2020-01-10,18.7,11.4,26.7,,,259,16,,1010.8,
2020-01-11,18,10.1,32.1,,,288,20.1,,1011.2,
2020-01-12,17.7,8.6,32.4,,,197,12.5,,1017.9,
2020-01-13,16.1,8.5,24.8,,,39,14.3,,1018.3,
2020-01-14,22.7,18.4,30,,,9,19.9,,1007.2,
2020-01-15,21.4,14.1,30.4,,,238,20.5,,1005.2,
2020-01-16,14.9,6.2,22.3,,,258,18.3,,1017,
2020-01-17,15.8,6,24.2,,,354,13.5,,1020,
2020-01-18,21.9,11.8,31.2,,,325,19.4,,1015.2,
2020-01-19,25,16.2,32.7,,,346,16.5,,1012,
2020-01-20,23,18.2,33.6,,,157,18.3,,1011.1,
2020-01-21,19.1,17.8,32.7,,,104,16.9,,1014.4,
2020-01-22,19.9,19.2,21.5,,,89,11.7,,1017.2,
2020-01-23,24.3,16.8,31.2,,,14,16.5,,1014.6,
2020-01-24,25.9,21,34.2,,,306,22.8,,1008,
2020-01-25,21.8,13.7,35.2,,,158,12.3,,1007.2,
2020-01-26,19.1,7.7,29.7,,,332,14,,1009.2,
2020-01-27,17.2,14,30.2,,,168,18,,1017.3,
2020-01-28,19.6,8.6,30.5,,,342,20.8,,1009.4,
2020-01-29,18.9,11.7,31,,,173,18.1,,1012.1,
2020-01-30,15.1,5,22.6,,,8,12.5,,1015,
2020-01-31,21.6,11.9,31.6,,,326,23,,1011.4,
2020-02-01,24.3,15.1,32.6,,,334,22.6,,1011.2,
2020-02-02,22.8,18.5,33.3,,,19,17.8,,1013.1,
2020-02-03,23.9,15.5,33.3,,,44,14.6,,1013.9,
2020-02-04,23.9,20.9,33.9,,,34,23.2,,1012.7,
2020-02-05,22,20.7,29.9,,,81,13.7,,1012.4,
2020-02-06,23.2,20.7,26.7,,,80,16.4,,1012.8,
2020-02-07,22,18.1,27.1,,,206,13.1,,1015.3,
2020-02-08,18.1,16.9,25,,,192,19,,1018.8,
2020-02-09,16,14.1,19.8,,,178,19.3,,1022.6,
2020-02-10,16.7,14.2,19,,,149,10.2,,1023.9,
2020-02-11,16.7,8.6,21.7,,,33,13.7,,1023.1,
2020-02-12,20.6,14.6,27.1,,,27,19.9,,1018.1,
2020-02-13,21.7,18.7,27.6,,,6,15.8,,1013.3,
2020-02-14,20.4,16.3,28,,,244,11.6,,1008.2,
2020-02-15,22.1,15.1,30,,,318,20.6,,1006.2,
2020-02-16,24.6,19.5,32,,,305,15.4,,1005.2,
2020-02-17,22.3,19.2,32.7,,,102,16.1,,1004.6,
2020-02-18,19.2,17.6,29.2,,,228,15.4,,1006.6,
2020-02-19,17.4,9.9,27,,,290,19.6,,1009.2,
2020-02-20,14.9,10.5,27.5,,,235,17.8,,1015.8,
2020-02-21,14.4,11.9,19.5,,,204,22.5,,1022,
2020-02-22,14.5,8.9,18.7,,,183,11.6,,1024.2,
2020-02-23,16.8,9.7,25,,,339,14.5,,1017.3,
2020-02-24,20.7,15.6,27.1,,,341,21.6,,1006.6,
2020-02-25,16.9,11.2,27.4,,,206,12.1,,1010.4,
2020-02-26,17.1,7.6,26.2,,,271,10.6,,1013.6,
2020-02-27,20.3,9.6,30.6,,,302,16.8,,1010.5,
2020-02-28,18.6,16.2,30.7,,,142,17,,1017.1,
2020-02-29,18.1,8.9,27,,,28,10.8,,1020.2,
2020-03-01,21.7,18,27.4,,,51,12.7,,1019.3,
2020-03-02,24.4,17.5,32.5,,,4,14.6,,1019,
2020-03-03,22.8,17.4,32.9,,,12,12.2,,1017.7,
2020-03-04,21,16.1,30.1,,,24,11.3,,1018.7,
2020-03-05,21.3,19,26.1,,,33,14.1,,1019.8,
2020-03-06,21.4,16,28.6,,,12,13.6,,1016.7,
2020-03-07,23.2,17.9,29.5,,,0,18.3,,1010.3,
2020-03-08,22.9,18.7,30,,,280,18,,1009.1,
2020-03-09,17.6,11.5,30,,,178,14.1,,1019.5,
2020-03-10,17.1,13.5,21,,,101,19.3,,1021.9,
2020-03-11,19.6,16.8,22,,,30,19.1,,1013.8,
2020-03-12,20.8,16,26.7,,,353,12.8,,1011.4,
2020-03-13,22.9,19.4,30,,,8,14.8,,1012.9,
2020-03-14,20.3,17.5,30.1,,,231,16.7,,1013.9,
2020-03-15,16,10.7,23.5,,,234,9.7,,1020,
2020-03-16,13.6,5,20.6,,,3,10.3,,1018.3,
2020-03-17,16.2,9,21.7,,,344,6.5,,1015.9,
2020-03-18,19.1,16.1,21.7,,,88,10.3,,1015.2,
2020-03-19,18.9,15.9,22.6,,,217,10.4,,1011.3,
2020-03-20,16.5,11.5,23,,,254,9.2,,1011.7,
2020-03-21,18,9,28.2,,,338,11.7,,1011.2,
2020-03-22,21.1,13.7,28.5,,,332,14.7,,1015.3,
2020-03-23,21.4,13.6,29.3,,,348,14.5,,1017.5,
2020-03-24,21.8,18,29.6,,,11,13.9,,1015.1,
2020-03-25,19.7,17.8,29,,,179,16.1,,1018.2,
2020-03-26,19.4,17.9,21.2,,,103,19.8,,1019.8,
2020-03-27,21.5,17.9,26.5,,,37,14,,1014.9,
2020-03-28,21.6,18.5,27.1,,,23,13.2,,1013.5,
2020-03-29,20.4,18.2,27.5,,,91,11.4,,1015.9,
2020-03-30,18,17,22.4,,,130,15.6,,1020.5,
2020-03-31,17.8,16.5,19.7,,,98,23.4,,1022.7,
2020-04-01,19.2,16.5,23,,,17,11.8,,1015,
2020-04-02,16.7,14.5,24.4,,10,200,28.9,,1017,
2020-04-03,15.7,11,19.6,,,18,10.1,,1017.8,
2020-04-04,16.6,12.2,23.7,,,330,17.2,,1010.2,
2020-04-05,19,15.1,24.6,,,346,8.2,,1008.9,
2020-04-06,14.6,10.4,24.9,,,247,20.5,,1015.8,
2020-04-07,11.8,7.6,16.4,,10,217,14.3,,1024.1,
2020-04-08,10.8,4.8,16,,,197,8.4,,1026.5,
2020-04-09,12.3,5.1,18,,,113,7.9,,1026,
2020-04-10,13.6,5.4,19.2,,,30,9.4,,1023.6,
2020-04-11,14.4,4.9,22.5,,,352,10.6,,1019.3,
2020-04-12,16.2,10.3,23,,,320,15.1,,1017.3,
2020-04-13,15,13.5,23.5,29.5,30,169,10.7,,1015.2,
2020-04-14,14.7,12.8,16.7,,10,188,23.5,,1013.5,
2020-04-15,15.1,10.2,17.1,,,197,18.8,,1017.1,
2020-04-16,12.7,6.9,18.5,,,14,7.2,,1023.6,
2020-04-17,14.7,7.7,21.7,,,343,13.1,,1024.7,
2020-04-18,17.4,10.9,23.7,,,349,19.7,,1021.3,
2020-04-19,18.7,13.5,24.5,,,325,21.9,,1016.6,
2020-04-20,16.7,10.7,26.1,,,256,9.5,,1015.8,
2020-04-21,13.9,8.1,26.7,,,171,10.2,,1021.7,
2020-04-22,11.2,5,17.1,,,7,6.1,,1020.8,
2020-04-23,12.1,5,18.1,,,24,11.6,,1016.5,
2020-04-24,17.6,9.8,19.5,,10,346,13.1,,1009.1,
2020-04-25,15.9,13.7,19.5,,10,184,14.3,,1018.6,
2020-04-26,14.4,11.8,18,,,112,19.3,,1029.6,
2020-04-27,16.1,14.3,17.1,,,62,25.5,,1024.7,
2020-04-28,17.2,14.2,18.7,78,71,353,17.9,,1008.3,
2020-04-29,15.4,12.7,19.1,14,30,258,29.2,,1008.7,
2020-04-30,14.9,13.1,18.6,,,214,10.9,,1018.2,
2020-05-01,12.1,6.8,17.8,,,221,10,,1021.8,
2020-05-02,13.7,9.5,17.6,,,134,10.4,,1024.6,
2020-05-03,13.8,8.6,18.5,,,5,13,,1018.8,
2020-05-04,14.5,10.9,18.5,,,314,13.1,,1010.7,
2020-05-05,12.4,10.5,19.3,11.9,,228,21.4,,1010,
2020-05-06,12.2,10.8,14.3,0,,205,15.6,,1022.4,
2020-05-07,10.5,5.7,17.2,,,310,12.4,,1022.2,
2020-05-08,11,5.5,17.7,,,326,21.1,,1017,
2020-05-09,13.6,7.2,19.2,,,332,22.8,,1010.1,
2020-05-10,12.4,5.8,21.2,,,322,13,,1006.3,
2020-05-11,12.3,7.2,21.5,,,261,16.1,,1012.8,
2020-05-12,9.9,2.3,17.5,,,313,12.8,,1017,
2020-05-13,9.4,3.5,17.6,,,245,9.4,,1019.4,
2020-05-14,6.9,0,14.6,,,308,15,,1021.3,
2020-05-15,12.6,2.3,21.6,,,311,21,,1010.2,
2020-05-16,16.3,9.6,25.5,,,294,16.8,,1005.2,
2020-05-17,14.3,7.6,25.7,,,247,8.8,,1013.6,
2020-05-18,10.5,1.6,19.5,,,0,12.7,,1019,
2020-05-19,14.3,5.5,20.7,,,343,13.2,,1013.6,
2020-05-20,14.2,8.2,20.8,,,191,13.6,,1012.2,
2020-05-21,12.8,11.5,16,34,30,171,27.7,,1017.2,
2020-05-22,12.8,11.8,14.2,,,175,27.2,,1026.4,
2020-05-23,10.9,5.9,15,,,254,6.2,,1023.8,
2020-05-24,10.2,6.5,15.2,,,315,23.5,,1007.2,
2020-05-25,12.9,7.5,15.4,,10,217,25.3,,1008.2,
2020-05-26,10.7,6.1,13.7,,,212,9.2,,1016.3,
2020-05-27,9.7,4.1,17.6,,,325,15.3,,1014,
2020-05-28,11.2,5.7,17.9,,,146,12,,1017.2,
2020-05-29,13.8,11,15.5,,,100,11.3,,1016.9,
2020-05-30,13.3,7.7,16.1,,,354,12.6,,1010.6,
2020-05-31,10,7,16.2,,,228,23.8,,1011.3,
2020-06-01,9.8,7.5,12,,,232,9.9,,1021.5,
2020-06-02,7.4,1.5,13.5,,,327,18.8,,1018.4,
2020-06-03,9.8,3.3,14,,,207,12,,1024.2,
2020-06-04,5.9,-0.4,13.7,,,330,12.5,,1025.2,
2020-06-05,8.3,2,15.2,,,341,8.6,,1022.4,
2020-06-06,10.4,3.5,17,,,21,6.6,,1018.6,
2020-06-07,13.9,9.1,17.1,,,15,2,,1016.3,
2020-06-08,13.7,7.1,16.5,,,334,4.7,,1014.6,
2020-06-09,9.1,3.7,17,,,299,11.1,,1012.4,
2020-06-10,9.4,3.6,18,,,317,14.6,,1009.5,
2020-06-11,9.9,2.8,18.2,,,343,12.5,,1009.2,
2020-06-12,12.3,5.7,18.6,,,293,14.4,,1005.6,
2020-06-13,7.6,4.5,17.3,,10,261,28.9,,1015.5,
2020-06-14,5.1,-2,12.7,,10,330,13,,1025.7,
2020-06-15,7.7,-0.5,13.7,,,5,16.9,,1023.9,
2020-06-16,12.7,3.8,15.1,,,32,11.1,,1016.5,
2020-06-17,15.7,12,19.1,,,13,9.5,,1005.9,
2020-06-18,13.8,7.2,19.1,,20,272,17.7,,1001.9,
2020-06-19,9.7,5.5,14.5,,,319,16.9,,1008.7,
2020-06-20,9.3,4.3,14.4,,,299,6.8,,1013.2,
2020-06-21,10.2,5.5,15.2,,,309,12,,1013.9,
2020-06-22,6.8,0.5,15.8,,,8,9.4,,1017,
2020-06-23,10.8,0.8,14.2,5.1,10,215,8.4,,1008,
2020-06-24,10,7.7,14.5,0,,216,8.9,,1009.7,
2020-06-25,8.4,2,13.6,,,247,12.4,,1014.3,
2020-06-26,6,1.4,11,,,269,15.6,,1018.7,
2020-06-27,6,3.4,10.2,,,259,8.9,,1023.4,
2020-06-28,4.9,-0.8,10,,,276,5.5,,1025.1,
2020-06-29,6.2,-0.1,11.2,,,56,13.6,,1022.4,
2020-06-30,10.3,6.1,11.4,,,136,31.4,,1015.9,
2020-07-01,7.9,6.5,10.5,,,206,18.3,,1017.2,
2020-07-02,7.4,5,9.7,0.5,,283,8.7,,1017.6,
2020-07-03,7.1,2.4,10.9,,,330,13.3,,1011.6,
2020-07-04,8.3,3.2,11.4,,,296,9.9,,1009.8,
2020-07-05,7.8,3.8,11.1,,,252,11.4,,1016,
2020-07-06,6.6,3.9,11.7,0,,240,8.7,,1023.8,
2020-07-07,5.8,0.5,10.2,,,162,7.6,,1026.6,
2020-07-08,3.9,-1.4,9.2,,,340,5.5,,1021.1,
2020-07-09,5.9,0.6,12.3,0.5,,318,14.7,,1014.4,
2020-07-10,7.9,1.9,12.3,0.5,,316,24.4,,1007.1,
2020-07-11,5.8,-0.4,12.2,0,,309,24.4,,1008.4,
2020-07-12,7.2,0.9,13.1,,,265,24.8,,1008.4,
2020-07-13,5.7,3.5,10.2,0,,266,25.7,,1014.1,
2020-07-14,5.8,2.2,9.5,,,261,16.8,,1020.2,
2020-07-15,4.8,-1.9,11.5,,,344,9,,1023.2,
2020-07-16,7.3,0.9,13.5,,,349,8.8,,1020.6,
2020-07-17,6.5,1.9,13.7,,,1,13.7,,1017.6,
2020-07-18,11.9,3.7,15.7,,,1,6.8,,1010.9,
2020-07-19,9.7,3.2,16,,,126,13,,1013,
2020-07-20,11.3,10.1,13.4,,,142,23.6,,1012.9,
2020-07-21,10.7,9.8,11.8,,,146,30.5,,1016.9,
2020-07-22,9.8,8.5,11.3,27.9,20,138,41.8,,1018.1,
2020-07-23,11.8,9.3,13.3,21.3,,359,11.9,,1009.2,
2020-07-24,8,4.7,13.4,,10,296,27.7,,1008.2,
2020-07-25,5.6,-1,12,,,303,17.2,,1014.1,
2020-07-26,8.4,1.2,12.3,,,329,24,,1013,
2020-07-27,7.7,3.7,11,0,,279,17.8,,1013.1,
2020-07-28,5.7,2.5,9.3,,,251,16.3,,1020.9,
2020-07-29,5.7,-1.3,12.9,,,310,8.9,,1026,
2020-07-30,5.3,-1,13.4,,,342,13.6,,1025.4,
2020-07-31,7.4,2.4,16.7,,,327,13.7,,1023.2,
2020-08-01,5.8,-1.4,12.9,,,17,12.1,,1021.3,
2020-08-02,10.9,2.1,16,0,,276,8.3,,1021.6,
2020-08-03,7.4,0.4,16.5,,,35,13.4,,1024.4,
2020-08-04,14.5,3.7,22,,,3,11.2,,1020,
2020-08-05,15.2,9.8,23.5,,,328,12.8,,1013.5,
2020-08-06,12,2,23.9,,,245,11.9,,1024.5,
2020-08-07,5.2,-2.1,13.5,,,357,5.6,,1028.1,
2020-08-08,7.4,-0.5,14.3,,,11,10.5,,1022.3,
2020-08-09,10.5,7,13.9,0,,105,15.8,,1014.8,
2020-08-10,10.5,7.7,13.5,,,265,17,,1006.6,
2020-08-11,7.3,4,13.4,,,274,21.8,,1014.4,
2020-08-12,6.2,-0.3,16.7,,,317,22.1,,1012.5,
2020-08-13,6.7,1,17.2,,,324,18.6,,1009.5,
2020-08-14,8.3,0.9,18.1,,,329,9.8,,1008.8,
2020-08-15,8.3,1.5,18.1,,,266,21,,1007.5,
2020-08-16,6.8,-0.6,15.1,,,284,25.2,,1007,
2020-08-17,7.3,-1.3,16.2,,,319,17.3,,1010.4,
2020-08-18,8.2,1.9,15.3,,,274,16.9,,1008.3,
2020-08-19,5.2,0.6,13.5,0.3,,235,17.2,,1021.7,
2020-08-20,6.2,0.7,12.7,0.5,,272,16,,1027.7,
2020-08-21,7.8,0.6,19.6,0,,302,10.9,,1025.1,
2020-08-22,8.3,1.3,20,,,346,15.6,,1023.9,
2020-08-23,10.9,5.2,18.5,,,22,21.4,,1020.4,
2020-08-24,12.2,8.9,20.5,,,33,17,,1016.1,
2020-08-25,12.2,10.3,20.5,,,71,11.1,,1012.9,
2020-08-26,12.2,10,18.7,14,,143,14.9,,1008.7,
2020-08-27,12.9,6.3,19.2,6.1,,299,14.5,,1016,
2020-08-28,10.2,2.9,19.6,0,,351,9.3,,1016,
2020-08-29,11.1,4,18.4,,,232,15.1,,1016.1,
2020-08-30,6.1,-3,14.7,,,279,18.2,,1021.9,
2020-08-31,6.7,2.1,15.4,,,208,12.7,,1031.1,
2020-09-01,6.4,4,9.6,,,119,13.7,,1037,
2020-09-02,7.5,5,9.1,,,107,18.1,,1026.4,
2020-09-03,9.4,6,13.5,,10,259,14.3,,1014,
2020-09-04,10.5,5.5,16,0,,266,18.5,,1015.7,
2020-09-05,6.4,0.5,16.5,,,168,11.5,,1025.8,
2020-09-06,7.2,2.1,11.5,,,108,9.6,,1029.3,
2020-09-07,5.3,-1.9,13,,,0,11.7,,1026.9,
2020-09-08,9.7,2.9,16.7,,,35,17.3,,1021.7,
2020-09-09,13.2,8.9,17.8,102.1,,337,10.1,,1018.2,
2020-09-10,10.6,2.8,18.2,0,,340,10.8,,1015.6,
2020-09-11,11.1,6.7,16.5,6.1,,277,16.1,,1012.8,
2020-09-12,9.1,0.8,17.6,0,,332,21.6,,1015.7,
2020-09-13,9.9,4.1,18.1,,,270,17.8,,1016.5,
2020-09-14,9,3.6,17.1,,,251,12.2,,1025.1,
2020-09-15,9.1,0.2,17.5,,,331,19.1,,1020,
2020-09-16,8.9,5.1,17.9,,,174,14.9,,1018,
2020-09-17,13.5,6.4,24.1,,,304,21.7,,1007.7,
2020-09-18,12.3,5.6,24.8,,,261,14.5,,1011,
2020-09-19,7.7,3.3,18.4,,,251,16.3,,1020.1,
2020-09-20,6.9,-1.5,12.5,,,250,17.5,,1020.5,
2020-09-21,6.8,0.4,12.9,,,242,10.5,,1024.4,
2020-09-22,9.8,2.6,19.7,,,360,17,,1021.5,
2020-09-23,12,5.8,20,,,6,11,,1021.5,
2020-09-24,8.3,4.4,18,,,90,11.9,,1022.3,
2020-09-25,9.6,6.9,12.6,,,58,11.6,,1019.4,
2020-09-26,11.7,9.1,14,,,100,14.5,,1012.6,
2020-09-27,11.7,9.2,14.6,13,,249,13,,1004.8,
2020-09-28,10.6,7.9,16.3,0,10,243,20.5,,1009.1,
2020-09-29,13.9,4.5,24,,,331,19.4,,1009.4,
2020-09-30,15.4,9.2,24.2,,,306,12.4,,1007.4,
2020-10-01,11.1,5.3,24.4,,,248,14.3,,1010.5,
2020-10-02,8.7,5.4,16.9,,,182,22,,1025.5,
2020-10-03,7.1,5.1,11.1,,,147,18.9,,1034,
2020-10-04,7.6,5,10.1,,,105,17.6,,1028.1,
2020-10-05,10.1,8.5,12.1,,20,124,18,,1018.1,
2020-10-06,11.2,4,18.8,,,336,11.2,,1015.3,
2020-10-07,12.7,7.5,19.6,,,273,15.4,,1014,
2020-10-08,11,2.3,20,,,312,10.7,,1015.3,
2020-10-09,12.1,5.9,20.1,,,241,14.5,,1013.3,
2020-10-10,9.1,0.5,17.5,,,22,14.5,,1016,
2020-10-11,11,8.6,18.2,,10,100,18.6,,1014.1,
2020-10-12,11.8,8.4,17.6,,,205,11.9,,1017.3,
2020-10-13,11.1,2.4,21.1,,,2,11.2,,1015.9,
2020-10-14,13.8,8.6,21.7,,,219,23.5,,1017.6,
2020-10-15,11.7,7.4,19.1,,,100,16.8,,1025.3,
2020-10-16,15.8,12,23.1,,,30,16.9,,1021.5,
2020-10-17,17.3,9.7,27.6,,,12,11.3,,1014,
2020-10-18,20.3,14.9,27.8,,,359,12.5,,1007.9,
2020-10-19,18.2,15.9,27.6,18,,217,17,,1012.4,
2020-10-20,11.9,5.8,21.1,0,,120,12,,1027.1,
2020-10-21,9.1,1.3,16.3,,,78,16.7,,1030.8,
2020-10-22,12.7,10.9,14.2,,,77,21.6,,1025.5,
2020-10-23,14.1,12.2,17.1,,,102,11.2,,1017.8,
2020-10-24,15.7,14.1,18.4,,,80,9,,1015.4,
2020-10-25,16.2,14.7,18.8,0,,24,9.1,,1010,
2020-10-26,15.3,9.5,19.4,17,,206,12.5,,1012.9,
2020-10-27,13.4,6.5,20.7,0,,3,11.1,,1010.7,
2020-10-28,13.1,8.2,21.5,,,268,8.8,,1010.5,
2020-10-29,11.1,7.8,17.3,0.3,,214,17,,1020.8,
2020-10-30,9.8,2,17.5,0.3,,3,9.8,,1027.5,
2020-10-31,13.5,5.3,22.3,0,,350,12.3,,1026.3,
2020-11-01,15.1,7.9,23,,,29,9.7,,1023.1,
2020-11-02,14.4,6,22.2,,,27,11.3,,1020.9,
2020-11-03,15.1,9.9,20.7,,,49,19.5,,1023,
2020-11-04,16.8,12.5,21.9,,,28,25.1,,1023.2,
2020-11-05,17.2,12.4,22.6,,,5,20.4,,1020.2,
2020-11-06,17,9.5,23.5,,,30,10.5,,1020.2,
2020-11-07,18.2,13.4,24.6,,,70,9.8,,1021.5,
2020-11-08,16.7,14.5,25,,,84,9.1,,1022.1,
2020-11-09,17.7,14.4,22.3,,,55,13.2,,1020.7,
2020-11-10,17.3,10.4,23,,,37,13.4,,1019.3,
2020-11-11,17.1,10.6,22,,,50,14.6,,1019.6,
2020-11-12,17.9,12.1,21.5,,,41,18.6,,1017.3,
2020-11-13,18.9,14.5,25.1,,,25,14.1,,1014.2,
2020-11-14,18.8,16.5,25.5,3,,316,12.1,,1011.1,
2020-11-15,15,12,24.2,0.8,,193,15.3,,1015.2,
2020-11-16,12,3.3,18.2,0,,24,9.5,,1014.7,
2020-11-17,16.6,10.5,23.5,,,240,14.9,,1013.7,
2020-11-18,15.8,9.8,24.3,,,158,15.2,,1016.9,
2020-11-19,14.1,8.2,19.2,,,105,11.8,,1021.2,
2020-11-20,16.1,8.2,21,,,29,15.1,,1019.9,
2020-11-21,17.3,10.2,23.2,,,22,15.3,,1017.1,
2020-11-22,21.6,14.3,29.1,,,1,15.4,,1017.2,
2020-11-23,19.3,14.2,29.8,,,50,15.5,,1016,
2020-11-24,18.9,18,24.5,,,52,10.3,,1012.8,
2020-11-25,19.7,14.1,26.7,,,308,8.8,,1007.7,
2020-11-26,18.1,10.6,27.5,,,242,17.7,,1013.8,
2020-11-27,17.7,7,26.6,,,355,17.8,,1015.1,
2020-11-28,22.4,16.4,30.1,,,8,16.4,,1010.9,
2020-11-29,20.4,15,30.5,,,246,17.2,,1010.8,
2020-11-30,14,6,29.5,,,137,14,,1020.7,
2020-12-01,17.3,6,26.5,,,354,15.4,,1014.3,
2020-12-02,19.9,13.1,29.5,,,288,17.2,,1008.1,
2020-12-03,15.9,9.7,30.1,,,199,14.3,,1009.5,
2020-12-04,13.8,10.2,15.9,0,,215,17.8,,1021.1,
2020-12-05,12.5,6.5,16.8,,,138,11.2,,1026.7,
2020-12-06,15.4,6.8,24.9,,,3,18.4,,1022.3,
2020-12-07,17.8,9,26,,,13,17.2,,1019,
2020-12-08,19.3,11,27,,,21,17.1,,1016.4,
2020-12-09,21.4,15.6,30.1,,,270,20.1,,1013.5,
2020-12-10,16.9,9.8,31.5,2,,37,15.4,,1007.8,
2020-12-11,21.7,16.5,25,3,,267,19.5,,1003.5,
2020-12-12,19,11.1,29.3,0,,126,19.5,,1006.8,
2020-12-13,17.6,14.8,29.4,0.8,,193,12.4,,1010.2,
2020-12-14,17.7,6,28.4,1,,312,26.6,,1005.1,
2020-12-15,16.7,13.6,29.1,0.3,,175,19.1,,1012.6,
2020-12-16,18.1,7.3,28.8,0,,323,21.7,,1013.8,
2020-12-17,23.5,8.5,32.9,,,334,23.4,,1011,
2020-12-18,23.8,17.6,33.2,,,349,14.6,,1005.9,
2020-12-19,19.8,13,30,0.5,,313,18,,995.5,
2020-12-20,13.8,12.6,24,10.9,,229,23.5,,1006.9,
2020-12-21,13.7,6.7,18.3,0,,199,11.5,,1016,
2020-12-22,19.4,9.5,31.8,,,2,12.3,,1013.5,
2020-12-23,26.3,19.4,34.1,,,338,20.6,,1011.3,
2020-12-24,24.8,18.9,34.3,0,,10,16.5,,1012.3,
2020-12-25,21.4,16,32.3,,,28,17.4,,1015.5,
2020-12-26,21.2,18.8,28.4,,,57,22.4,,1017.3,
2020-12-27,20.9,19,25,,,72,22.4,,1019.5,
2020-12-28,21.8,20.3,24.2,,,65,26.1,,1016.7,
2020-12-29,21.4,18.2,25,,,56,16,,1008.7,
2020-12-30,21,14.4,25.4,1,,268,20.4,,1003,
2020-12-31,17.1,11,24.5,0.3,,242,17.7,,1010.3,
2021-01-01,17.6,9.2,25.3,,,226,13.2,,1014.5,
2021-01-02,21.7,11.5,33.4,,,4,14.1,,1014.5,
2021-01-03,24.9,16.5,34.4,,,9,16.8,,1013.4,
2021-01-04,21.1,17.1,35.5,,,79,13.6,,1013,
2021-01-05,19.3,18,23.9,3,,127,25.4,,1013.6,
2021-01-06,19.4,17,21.8,21.1,,90,27,,1007.9,
2021-01-07,19.4,16.3,23.1,27.9,,267,19,,1003.2,
2021-01-08,18.4,13.4,23.6,4.1,,228,13.8,,1011.4,
2021-01-09,17.1,9,27.1,0,,3,14.2,,1012.3,
2021-01-10,21.7,15.5,29.6,,,18,19.3,,1010.2,
2021-01-11,20.8,17.5,29.7,20.1,,232,16.5,,1006.9,
2021-01-12,16.7,7.5,26.7,0,,344,11.1,,1017.8,
2021-01-13,18,10.9,25.6,,,5,18.5,,1022.2,
2021-01-14,19.3,13.8,25.9,,,51,22.8,,1020.8,
2021-01-15,21.7,18.9,27,,,18,20.9,,1010.3,
2021-01-16,20.6,18.4,28,0,,242,12.6,,1005.7,
2021-01-17,17.2,15,27.7,7.1,,236,17.4,,1006.1,
2021-01-18,19.9,9,31.2,3,,309,15.8,,1011.4,
2021-01-19,21.6,13.6,31.6,0,,300,12.9,,1015.9,
2021-01-20,21.9,13.5,30.5,,,17,14.3,,1018.7,
2021-01-21,23.6,17.5,31.2,,,21,16.3,,1020,
2021-01-22,23.7,18.9,31.9,,,19,17.4,,1020.3,
2021-01-23,24.6,19.8,32.4,,,15,16.5,,1015.3,
2021-01-24,24.8,19.3,32.8,,,14,15.9,,1012.2,
2021-01-25,25.9,21.2,34.1,,,5,17.1,,1006.6,
2021-01-26,23.2,19.4,35.2,0,,138,8.7,,1004.3,
2021-01-27,20.2,16.9,28.3,,,165,18.7,,1007.1,
2021-01-28,20.6,14.6,27.6,5.1,,7,12.6,,1005.8,
2021-01-29,22.8,16.5,29.1,0,,317,13.1,,1003.4,
2021-01-30,17.9,14.8,29.4,0,,182,23.3,,1013.7,
2021-01-31,16.6,14.3,19.4,0,,138,24,,1019.8,
2021-02-01,18.8,14.3,20.9,0,,122,21.8,,1016.6,
2021-02-02,19,18.1,21.6,0,,145,15.8,,1015.9,
2021-02-03,19.1,14.1,22,0.8,,135,14.6,,1017.4,
2021-02-04,19.3,14.2,23.7,0,,188,17.2,,1018,
2021-02-05,18.9,8.7,24.5,,,88,9.6,,1015,
2021-02-06,19.3,15.7,25.2,,,176,20.5,,1013.3,
2021-02-07,16.8,13.9,21.7,,,112,18.8,,1017.6,
2021-02-08,16.9,14.6,19.5,,,125,23.9,,1021.9,
2021-02-09,18.7,15.9,21.6,,,112,21.9,,1024.1,
2021-02-10,18.6,17.9,21.2,,,102,22.7,,1022.6,
2021-02-11,20.7,20,22,,,77,23,,1017.5,
2021-02-12,20.8,20,21,,,83,23.5,,1015.7,
2021-02-13,20.8,20,21.5,22.1,,74,16.5,,1010.9,
2021-02-14,21,18.7,25,8.9,,20,7.4,,1006.6,
2021-02-15,19.9,17.7,26,0,,251,7.6,,1007.8,
2021-02-16,19.7,18.9,23.5,42.9,,196,13,,1008.3,
2021-02-17,20,17.4,23.4,15,,198,11.4,,1008.9,
2021-02-18,20.2,15.8,24.9,0,,6,9.5,,1007.7,
2021-02-19,19.9,16.9,25.7,,,272,19.5,,1009,
2021-02-20,15.9,9,23.2,,,271,16.4,,1013.6,
2021-02-21,27.7,9,29.2,,,334,16.4,,1011.9,
2021-02-22,20.7,17.3,29.5,,,257,15.5,,1009.4,
2021-02-23,17.8,8.9,26.5,,,272,10.9,,1013.4,
2021-02-24,17.3,8.6,26.9,,,298,9.8,,1014.4,
2021-02-25,21.6,12.6,31.3,,,312,12.8,,1012.5,
2021-02-26,21.7,15.9,31.8,,,1,13.7,,1015.1,
2021-02-27,21.3,15.2,29.3,,,54,16.5,,1021.3,
2021-02-28,22.2,19.6,26.6,,,43,21.5,,1019.1,
2021-03-01,22.6,19.5,27.9,,,32,14.8,,1015.4,
2021-03-02,22.2,18.5,28,,,49,12.4,,1016.6,
2021-03-03,22.6,21,26.5,,,66,17.4,,1018.6,
2021-03-04,21.3,15.7,26.1,,,17,10.6,,1014.7,
2021-03-05,18.1,16.5,28.5,,,195,20.4,,1014,
2021-03-06,18.1,15.9,20.3,,,105,10.5,,1013.8,
2021-03-07,18.8,11.4,27.2,,,339,13.3,,1011.8,
2021-03-08,19.4,15.2,27.7,,,187,19.5,,1015.5,
2021-03-09,16.6,14.1,21.6,,,97,14.6,,1019.2,
2021-03-10,19.7,13.6,27,,,17,15.5,,1013.5,
2021-03-11,20,15.5,27.1,,,253,15.3,,1011.5,
2021-03-12,16.3,7.4,24.5,,,87,8.6,,1016.2,
2021-03-13,16.6,8.7,26.4,,,356,9.9,,1016.7,
2021-03-14,19.6,14.1,26.6,,,18,10,,1017.2,
2021-03-15,20.6,14.5,27.7,,,355,13,,1015.4,
2021-03-16,20.4,17.7,27.4,7.1,,23,11.7,,1010.9,
2021-03-17,16.4,13.9,22.7,34,,186,31.5,,1014.5,
2021-03-18,13.4,9.1,17.6,,,235,10.5,,1018.9,
2021-03-19,15,7,22.5,,,344,10.7,,1016.8,
2021-03-20,17.4,12.9,22.5,0,,336,9.1,,1014.6,
2021-03-21,16.8,14,20.6,0.3,,157,19.2,,1021.3,
2021-03-22,15.3,7.5,20.2,,,47,9.3,,1022.4,
2021-03-23,17.5,11.3,24.1,,,1,10.8,,1017.7,
2021-03-24,19.4,13.8,25.3,,,9,11,,1016.5,
2021-03-25,19.7,18,26.7,,,68,9.6,,1015,
2021-03-26,18.1,17.1,22.5,16,,140,27.9,,1014.7,
2021-03-27,17.3,16,18.8,0.5,,140,37.2,,1016.3,
2021-03-28,18.5,16.6,20.4,,,154,20.9,,1015.3,
2021-03-29,17.3,14,20.7,0,,177,13,,1017.2,
2021-03-30,14.1,8.1,20.5,,,114,7.6,,1020.1,
2021-03-31,14.4,7,20.9,,,46,6.9,,1020.7,
2021-04-01,16,10.4,21.4,,,61,9.4,,1021.3,
2021-04-02,17.1,10.2,21.1,,,35,11.5,,1022.3,
2021-04-03,18.8,14.8,25.3,,,21,11.8,,1021,
2021-04-04,17.8,10.6,25.5,0,,27,12.6,,1019.2,
2021-04-05,20.2,17.8,23.7,,,35,8.3,,1017.3,
2021-04-06,20,16.6,24.1,,,48,12.9,,1018.8,
2021-04-07,21.6,18.7,27.1,,,18,11.9,,1016.6,
2021-04-08,19.8,17.5,27.6,,,63,15.6,,1012.7,
2021-04-09,18.7,16.5,23.2,24.9,,159,15.9,,1015.1,
2021-04-10,17.7,16,20.4,0,,124,23.9,,1015.2,
2021-04-11,16.1,10.1,19.6,,,188,24.6,,1011.2,
2021-04-12,15.7,7.8,24.1,,,311,12.5,,1017.1,
2021-04-13,17.7,10.3,26.5,,,332,7.6,,1019.5,
2021-04-14,17.1,10.4,26.6,,,355,10.9,,1017.6,
2021-04-15,17.4,11,24.3,,,349,10.9,,1014.1,
2021-04-16,16.1,10.5,24.5,,,311,6.4,,1014.5,
2021-04-17,17.5,11.2,22.1,,,25,6.4,,1018.1,
2021-04-18,19.5,17.1,24.1,,,6,12.8,,1019.1,
2021-04-19,19.7,16.5,24.6,,,9,16.7,,1020.9,
2021-04-20,18.9,15.8,24.9,,,34,21.1,,1022.9,
2021-04-21,19.5,16,23.4,,,45,25,,1020.7,
2021-04-22,19.6,17.3,22.5,,,23,16.1,,1017,
2021-04-23,20.4,17.5,24.9,,,357,12.5,,1014.4,
2021-04-24,17.5,12.4,25,15,,229,13.1,,1014.3,
2021-04-25,15.3,11.4,19.9,0,,202,15.3,,1019.2,
2021-04-26,14.3,10.3,19.1,,,261,5.6,,1020.2,
2021-04-27,13.1,7.3,20.3,,,339,7.1,,1019,
2021-04-28,15.4,8.7,24.1,,,319,14.5,,1018.7,
2021-04-29,16.4,9.2,24.4,,,323,15.1,,1020,
2021-04-30,15.3,8.6,24.8,,,332,16.5,,1018.3,
2021-05-01,15,9.2,22.2,,,325,12.4,,1015.7,
2021-05-02,15.8,9.8,22.8,,,339,9.8,,1012.8,
2021-05-03,15.4,12.2,22.1,9.9,,287,5.5,,1010.7,
2021-05-04,11.9,8,16.6,0,10,221,17.2,,1020.6,
2021-05-05,9.2,3.3,14.1,4.1,,266,12.7,,1025.3,
2021-05-06,10.9,3.8,16.6,,,264,11.3,,1023,
2021-05-07,11,7.4,17.1,,,229,7.3,,1026.2,
2021-05-08,9.7,2,16.7,,,0,6.9,,1027.6,
2021-05-09,10.4,2.4,17.4,,,348,7.4,,1023.5,
2021-05-10,11.1,8.5,15.9,,,251,15.4,,1021,
2021-05-11,10.9,6.3,16.1,2,,255,11.1,,1021.1,
2021-05-12,9.7,2.5,19.1,,,315,17.1,,1017.6,
2021-05-13,11.5,5.1,19.3,,,335,8.9,,1018.6,
2021-05-14,11.8,6.4,19.9,,,330,6.4,,1020.2,
2021-05-15,12.3,7.1,20.6,,,319,11.7,,1018.8,
2021-05-16,11.3,3.6,21.1,,,257,8.4,,1019.2,
2021-05-17,10.1,4.6,18.5,0,,237,9.3,,1021.2,
2021-05-18,10,4.6,14.8,,,263,5.9,,1020.7,
2021-05-19,8.1,2.9,15.6,,,326,6.9,,1019.3,
2021-05-20,10.4,4.7,15,,,65,6.7,,1018.2,
2021-05-21,14.8,13,16.9,,,83,21.7,,1015.9,
2021-05-22,14.2,13.4,17,4.1,,136,35.1,,1006.1,
2021-05-23,13.1,10,14.4,0,51,197,25.9,,1005.9,
2021-05-24,10.8,5.7,16.7,,,308,20.1,,1007.9,
2021-05-25,11.9,7.1,17.1,0,,276,19.3,,1011.7,
2021-05-26,10.3,5,18,,,307,18.9,,1011.6,
2021-05-27,12.7,5.6,21.8,,,315,19.9,,1005.1,
2021-05-28,13.9,8.6,22,,,282,20.2,,999.3,
2021-05-29,7.9,3,17.4,2,,263,19.8,,1009.9,
2021-05-30,7.4,1,12.7,,,287,16.8,,1014.8,
2021-05-31,10,5.9,15.4,,,302,18.7,,1009.4,
2021-06-01,13.2,9.9,16.3,,,309,18.4,,1003.6,
2021-06-02,10.9,7.5,16.6,0,,253,16.4,,1010.9,
2021-06-03,9.1,6.4,13.2,0,,330,16.3,,1011.7,
2021-06-04,12.5,9.6,16.2,,,254,14.8,,1009.4,
2021-06-05,11,6.6,16.5,,,268,8.5,,1014.8,
2021-06-06,8.7,1.8,16,,,286,7.7,,1021.3,
2021-06-07,9.2,4.8,14.8,,,357,8.5,,1022.8,
2021-06-08,11.5,4.2,17.4,,,4,9.9,,1020.9,
2021-06-09,14.3,7.4,17.5,0,,28,12.5,,1019.3,
2021-06-10,13.7,8.1,17.8,0,,271,19.2,,1016.6,
2021-06-11,8.6,4,15.5,,,298,13.3,,1016.4,
2021-06-12,11.5,5.1,21.7,,,310,16.1,,1011.2,
2021-06-13,12.6,6.1,22.1,,,319,19.3,,1013.1,
2021-06-14,11.9,8.9,19.7,,,239,15.8,,1019.4,
2021-06-15,7.3,4.1,13.3,2,,234,11.8,,1027.1,
2021-06-16,8,5.5,11.1,2,,212,12.2,,1030.8,
2021-06-17,4.7,-1.3,10.3,0,,233,7.1,,1030.6,
2021-06-18,4.9,0,9.3,,,272,4.5,,1029.6,
2021-06-19,4.9,1,10.7,,,313,10,,1027.3,
2021-06-20,6.3,2.1,13.2,,,325,13.7,,1023,
2021-06-21,5.8,-0.7,13.5,,,341,11.4,,1023.2,
2021-06-22,8.7,4.3,13.6,,,13,10.1,,1024,
2021-06-23,11.7,3.9,14.2,,,30,15.6,,1018.2,
2021-06-24,12.4,9.6,15.1,,,229,13.3,,1008.8,
2021-06-25,10.2,4.6,16.1,,,306,10.2,,1011.7,
2021-06-26,8.5,6.3,16.8,3,,255,5.4,,1017.1,
2021-06-27,7.5,4.8,10.6,,,243,12.8,,1015.2,
2021-06-28,8.6,4.8,10.6,0,30,201,28.7,,1015,
2021-06-29,8.6,2.2,10.8,,,209,19.3,,1024,
2021-06-30,4.9,-0.7,11.4,0,,335,13.7,,1025.1,
2021-07-01,7.4,1.8,11,,,343,18.6,,1020.9,
2021-07-02,7.3,3.7,14,,,303,16.1,,1017.7,
2021-07-03,7.2,1.3,16.4,,,318,16.1,,1018.4,
2021-07-04,9.3,2.7,19.7,,,321,10.8,,1020.9,
2021-07-05,8.1,0.8,19.9,,,355,8.5,,1024.7,
2021-07-06,7.6,-0.8,16,,,4,9.9,,1021.9,
2021-07-07,11.6,8.2,15.3,,,341,9,,1017.6,
2021-07-08,10.8,6.2,15.5,0,,342,11.5,,1017.9,
2021-07-09,14.4,8.4,18.9,,,336,12.4,,1012.6,
2021-07-10,12.1,3.6,19.6,3,,270,15.8,,1013.3,
2021-07-11,7.6,1.5,15.7,,,323,17.2,,1015.6,
2021-07-12,10.8,2.1,16,,,323,9.5,,1014,
2021-07-13,7.7,1.8,16.3,,,230,8.2,,1019.5,
2021-07-14,4.7,-1.7,12.8,,,11,4.6,,1021.9,
2021-07-15,6.4,-0.5,14.1,,,287,9.1,,1017.3,
2021-07-16,6.2,0.2,14.5,,,334,12.1,,1013.7,
2021-07-17,7.5,1.7,14.6,,,264,26.4,,1010.6,
2021-07-18,8.6,7.4,10.2,,,213,27.7,,1018.2,
2021-07-19,7.7,2.9,12.3,,,293,13.3,,1022.8,
2021-07-20,9.4,4.1,19,,,290,20.6,,1015.9,
2021-07-21,8.2,-0.5,19,,,8,8.3,,1021.6,
2021-07-22,10.5,4.3,17.4,,,341,13.1,,1020.6,
2021-07-23,11.6,6,19.9,,,298,16.2,,1015.7,
2021-07-24,9.6,6.4,20.4,,,134,21.8,,1019.2,
2021-07-25,11.6,8,14.3,,,216,16.5,,1008.5,
2021-07-26,7.4,2.4,15.1,0,,258,13.3,,1014.9,
2021-07-27,5.1,1.7,11.7,3,,241,23.7,,1014.2,
2021-07-28,6.2,3,9,7.1,,223,18.5,,1022.4,
2021-07-29,7.5,1.8,15.8,,,303,11.6,,1022.3,
2021-07-30,7.3,-1.2,16.3,,,329,21.5,,1021.8,
2021-07-31,7.2,0.9,15.4,,,277,13.9,,1027.1,
2021-08-01,6.7,2.3,15,,,186,7.8,,1032.6,
2021-08-02,7.9,2.8,13.4,,,331,18.6,,1028.6,
2021-08-03,9.4,3.2,18.5,,,325,15.3,,1026.8,
2021-08-04,8.9,0.9,18.6,,,341,11.6,,1028.9,
2021-08-05,8.6,3.8,17.7,,,355,19.3,,1026.2,
2021-08-06,12.5,9.8,17.1,,,358,15.5,,1019.9,
2021-08-07,12.5,9.9,20,,,288,15.4,,1014.7,
2021-08-08,9.5,7.6,20.8,,,163,15,,1023.3,
2021-08-09,8.2,6.3,10.6,,,162,21.9,,1027.7,
2021-08-10,5.8,0,9.5,,,248,8.2,,1025,
2021-08-11,5.4,-2.2,10.5,,,219,15.5,,1026.7,
2021-08-12,6,-0.2,11.2,,,312,8.7,,1030.9,
2021-08-13,4.3,-4.2,12.6,,,330,9.6,,1029.1,
2021-08-14,7.2,2.3,15.1,,,339,11.8,,1024.1,
2021-08-15,7.1,-0.7,15.3,,,359,8.9,,1020.3,
2021-08-16,10.2,5.5,15.7,,,359,12.1,,1014.5,
2021-08-17,12.5,8,18.9,,,345,9.5,,1013.5,
2021-08-18,10.3,5,19.6,,,20,11.4,,1011,
2021-08-19,10.6,7.8,14.9,2,,240,8.8,,1006.6,
2021-08-20,10,3.6,17.4,,,292,8.6,,1013.3,
2021-08-21,6.3,-0.7,17.8,0,,81,14.5,,1017.7,
2021-08-22,9.7,6.5,11.5,,,68,12,,1007.7,
2021-08-23,6.8,0.7,12.9,,,293,15.4,,1011.9,
2021-08-24,6.1,-1.2,15.3,,,295,11,,1015.9,
2021-08-25,7.6,-1.3,17.5,,,324,13.6,,1014.4,
2021-08-26,8.8,1,19.3,,,313,20.8,,1011,
2021-08-27,8.4,2.2,19.7,5.1,,270,16.8,,1017.9,
2021-08-28,11,4.9,18.6,,,5,12.9,,1022.7,
2021-08-29,13.4,8.1,23.2,,,352,12.7,,1023.7,
2021-08-30,10.9,5.3,23.5,,,34,11.6,,1019.8,
2021-08-31,14.4,11.4,19.5,,,22,15.4,,1015.7,
2021-09-01,11.5,10.1,20,52.1,,151,14.4,,1017.9,
2021-09-02,10.8,9.4,12.9,,,142,18.7,,1023.4,
2021-09-03,10.9,7.4,14.1,,,106,11.9,,1022.6,
2021-09-04,7.6,-0.3,14.5,,,42,8.1,,1019,
2021-09-05,10.1,3.3,16.5,,,20,5.6,,1019.8,
2021-09-06,8.6,1.2,16.9,,,52,9.3,,1022.2,
2021-09-07,11.9,8.5,13.5,,,98,23.9,,1021.9,
2021-09-08,11.6,10.8,13.8,5.1,,122,38.2,,1016.3,
2021-09-09,11,10.6,12.3,41.9,,148,44.3,,1010.5,
2021-09-10,11.2,10.4,13.6,,,162,19.9,,1017.9,
2021-09-11,11.3,9.3,14,,,34,14.2,,1017.4,
2021-09-12,13.2,6.6,16.3,,,3,13.9,,1010.5,
2021-09-13,11.3,4.1,17.4,,,203,13.5,,1013.5,
2021-09-14,10.2,7.2,17.9,,,222,13.3,,1015.5,
2021-09-15,10.2,1.4,19.8,,,296,17.5,,1017.6,
2021-09-16,14.1,6.1,22.6,,,322,15.5,,1021.6,
2021-09-17,15.1,6.1,23.2,,,329,20.5,,1018.4,
2021-09-18,13.7,9.1,22.9,,,51,13.6,,1016.6,
2021-09-19,12.7,9.8,19.4,,,74,17.2,,1017.5,
2021-09-20,12.7,8.8,16.3,,,190,19.5,,1019.7,
2021-09-21,9.6,3.9,14.5,,,182,12.5,,1029,
2021-09-22,9.3,0.3,14.5,,,10,10.2,,1027.1,
2021-09-23,12.1,9.4,15.1,1,,45,7.3,,1024.6,
2021-09-24,10.5,4.6,16.5,,,22,8.1,,1025.1,
2021-09-25,10.5,2.6,17,,,15,14,,1020.7,
2021-09-26,13.2,10.7,18.9,,,258,20.4,,1017.2,
2021-09-27,9.6,8,19.2,0,,132,14.4,,1023.8,
2021-09-28,7.2,-2.6,13.9,,,56,8,,1024.2,
2021-09-29,10.6,2.2,17.7,,,22,16.7,,1020.6,
2021-09-30,13.9,10.4,18.2,,,359,17.7,,1010.9,
2021-10-01,11.3,4.2,17.1,,,193,9.6,,1013.4,
2021-10-02,10.8,2.1,18.2,,,327,10.2,,1011.1,
2021-10-03,10.3,5.7,18.3,0.3,,251,22.2,,1011.4,
2021-10-04,10,1.1,18.9,,,342,12.5,,1015.2,
2021-10-05,14.4,2.7,22.1,,,319,14.6,,1013.3,
2021-10-06,11,7.8,22.5,,,214,20.1,,1020.4,
2021-10-07,9,4.1,13.2,,,9,9.3,,1022.9,
2021-10-08,9.6,1.9,16.2,,,4,10.8,,1021.2,
2021-10-09,9.8,3.1,17.5,,,16,11.4,,1023,
2021-10-10,11.9,2.5,17.4,,,44,16.2,,1022.3,
2021-10-11,13.8,12.1,18.1,,,62,15.4,,1020.2,
2021-10-12,15.2,12.9,18.2,,,95,14.8,,1016,
2021-10-13,15.2,13.3,18.4,0.3,,28,7.4,,1008.3,
2021-10-14,13.6,9.9,24.1,,,298,15,,1005.6,
2021-10-15,11.4,5.6,25.2,5.1,,242,10.8,,1020,
2021-10-16,13.5,7.3,21.1,,,329,21,,1021.3,
2021-10-17,14.1,9,21.6,,,258,22.7,,1019.1,
2021-10-18,10.6,0.9,20.6,,,109,9.9,,1023.8,
2021-10-19,13.6,5.6,21.7,,,1,15.4,,1022.9,
2021-10-20,13.6,4.8,22.2,,,24,13.9,,1021.1,
2021-10-21,18.1,8.1,26.1,,,5,12.7,,1014.6,
2021-10-22,14.9,11.9,26.4,,30,228,10.4,,1012.9,
2021-10-23,13.4,8.5,19.9,,,260,11.5,,1008.1,
2021-10-24,12.9,3,21.5,,,304,21.9,,1007.7,
2021-10-25,16.8,11.8,21.4,,,255,21.8,,1006.3,
2021-10-26,16.8,9.2,29.5,,,333,14.2,,1011,
2021-10-27,16.8,7.5,29.8,,,57,8.3,,1017.7,
2021-10-28,22.5,14,34,,,357,14.2,,1021.3,
2021-10-29,18.8,11.6,34.5,,,40,16.8,,1019.9,
2021-10-30,18.4,12.7,28.7,,,341,17.6,,1017,
2021-10-31,12.3,11.5,13.1,,,188,17.8,,1022.4,
2021-11-01,11.6,10.3,13.4,0,,135,16.8,,1022.2,
2021-11-02,15.2,13.1,18.1,,,92,12.5,,1018.6,
2021-11-03,16.9,14.3,19.9,,,69,15.5,,1014,
2021-11-04,17.6,15.7,20.6,0,,78,17.8,,1012,
2021-11-05,14.2,11.5,20.5,,,197,19.6,,1021.4,
2021-11-06,10.4,4,16.1,,,164,14.4,,1026.1,
2021-11-07,12.8,5.5,17.7,,,39,13,,1019.6,
2021-11-08,15.7,12.4,21.6,,,62,13.8,,1016.8,
2021-11-09,13.7,12.4,22.9,,,145,17.8,,1022.9,
2021-11-10,15.1,8.2,18.8,,,54,18.8,,1023.4,
2021-11-11,16.2,11,19.3,,,48,21.8,,1025.2,
2021-11-12,16.7,13.3,20.6,,,45,24.6,,1023.5,
2021-11-13,17.1,12.9,21.6,,,48,26.7,,1014.9,
2021-11-14,18.8,13.3,24.4,,,265,18.3,,1008.9,
2021-11-15,17.5,8.9,26.1,,,16,14.6,,1011.5,
2021-11-16,14.3,8.5,26.6,7.1,,189,24.5,,1017.9,
2021-11-17,12.7,4.5,20.1,,,264,12.9,,1016.5,
2021-11-18,16.8,8.4,27.5,,,305,19.6,,1011,
2021-11-19,15.2,12.8,27.7,,,147,20.2,,1016.1,
2021-11-20,20.3,8.4,30,,,328,16.1,,1012.4,
2021-11-21,22.8,15.3,32,,,242,18.8,,1006.3,
2021-11-22,17.7,8.9,32.7,,,261,18.7,,1006.8,
2021-11-23,15.1,4.2,22.5,,,317,15.7,,1016,
2021-11-24,24.1,13,33.3,,,328,23.6,,1008.3,
2021-11-25,20.6,15.6,34,1,,187,14.1,,1007.6,
2021-11-26,17.8,13.5,23.5,,,141,16.3,,1012.2,
2021-11-27,15.6,12.8,23.7,,,101,16.8,,1014.1,
2021-11-28,17.8,15.4,20.1,0,,121,18.7,,1010.4,
2021-11-29,17.2,15.5,19.6,,,197,24.7,,1004.7,
2021-11-30,15.4,12,19.8,,,175,19.1,,1011.6,
2021-12-01,13.9,3.6,21.5,,,64,12.2,,1017.2,
2021-12-02,16.3,7,21.6,,,23,17,,1017.9,
2021-12-03,15.9,12.7,23.3,,,261,14.5,,1018.4,
2021-12-04,14.6,11.9,23.4,,,134,18.8,,1022.8,
2021-12-05,17.3,14.9,20.7,,,102,15,,1022.9,
2021-12-06,16.7,9.1,21.4,,,40,12,,1023.8,
2021-12-07,19.1,12.7,24.8,,,37,21.2,,1021.5,
2021-12-08,20,14.1,26.5,,,31,18.5,,1020.1,
2021-12-09,20.2,17.3,27.5,,,56,24,,1019.9,
2021-12-10,19.8,17.3,23.7,,,44,16.8,,1015.2,
2021-12-11,19.3,16.2,23.1,,,46,17.2,,1007.8,
2021-12-12,19.7,17.5,23.5,,,330,12.1,,1005.1,
2021-12-13,18.1,9.8,25.3,,,218,14.6,,1013,
2021-12-14,17.7,11.7,24.7,,,66,11.1,,1018.1,
2021-12-15,19.4,17.7,21.6,,,77,14.9,,1018.2,
2021-12-16,15.5,10.2,22.4,,,37,12.4,,1018.3,
2021-12-17,20.9,14.6,28.2,,,4,13.5,,1019.5,
2021-12-18,20.7,14.4,29,,,17,15.6,,1018.9,
2021-12-19,22.7,17.7,31.5,,,4,16.4,,1013,
2021-12-20,19.3,16.7,31.6,,,144,16.5,,1015.3,
2021-12-21,20.4,16.4,24.2,,,65,9.8,,1011.7,
2021-12-22,19.8,15,26.5,,,189,14.3,,1015,
2021-12-23,18.3,9.3,27.5,,,63,16.6,,1017.7,
2021-12-24,23.3,17.5,33,,,344,18.8,,1009.9,
2021-12-25,20.3,14.4,33.9,,,220,14.3,,1010.7,
2021-12-26,17.9,9.8,27.2,,,207,15.2,,1012.6,
2021-12-27,17.8,7.7,28.7,,,41,11.6,,1011.1,
2021-12-28,22.8,16.5,29.9,,,282,17.2,,1011,
2021-12-29,24.4,20.2,32.5,,,62,17.9,,1010.4,
2021-12-30,25.4,21.6,34.1,3,,291,20.4,,1008.1,
2021-12-31,19.7,7.9,31,0,,42,14.2,,1008.2,
2022-01-01,21.6,18.6,27,,,356,14,,1002.8,
2022-01-02,23.4,18.3,31.4,,,345,19,,1003.7,
2022-01-03,23.2,15.7,32.5,,,348,16,,1007.2,
2022-01-04,22,19,33,0,,233,20.5,,1007.2,
2022-01-05,17.3,9.7,26.2,,,179,13.7,,1017,
2022-01-06,20.7,10.5,30.6,,,342,17.9,,1016.7,
2022-01-07,22.1,14.3,30.7,,,352,16.9,,1017.1,
2022-01-08,21.2,12.7,31.6,,,25,19.3,,1017.4,
2022-01-09,23.4,18.6,31,,,22,20.2,,1016,
2022-01-10,25.7,17.7,34.6,,,358,16.2,,1011.1,
2022-01-11,26.2,21,36,,,251,23.2,,1008.7,
2022-01-12,20.7,14,35,,,78,17.7,,1015,
2022-01-13,27.3,16.2,39,,,346,21.3,,1011.7,
2022-01-14,30,20.7,42,,,311,21.1,,1008.2,
2022-01-15,23.2,20.5,26.1,,,126,16.2,,1007.3,
2022-01-16,23.8,19.7,31.4,,,211,18.4,,1003.1,
2022-01-17,18.8,14.2,32,,,152,32.4,,1014.2,
2022-01-18,17.3,13.6,20.4,13.5,,125,28.3,,1021.5,
2022-01-19,21.1,18.9,23.3,,,93,24.8,,1021.1,
2022-01-20,20.8,19.7,24.4,,,82,26.3,,1017.9,
2022-01-21,23.3,21.5,25.7,,,356,17.6,,1009.8,
2022-01-22,21.4,19.1,26,,,14,7.7,,1009.2,
2022-01-23,23.9,18.9,30,,,245,8.9,,1009.8,
2022-01-24,23.7,16.8,32.1,,,288,14.1,,1011.3,
2022-01-25,24.7,21.3,32.6,,,48,13.7,,1009.9,
2022-01-26,20.6,16.5,30.4,,,175,29.7,,1014.6,
2022-01-27,17.1,14.4,22.5,0,,172,20.4,,1021.7,
2022-01-28,17.3,9,24.9,,,358,11.7,,1017.2,
2022-01-29,21.5,11.8,29.7,,,339,15.7,,1012.6,
2022-01-30,22.9,19.1,30.2,,,324,25.4,,1007.2,
2022-01-31,17.4,11.3,30.7,,,233,16.9,,1011.4,
2022-02-01,19.7,10.7,29.2,,,328,22.7,,1009.2,
2022-02-02,23,15.8,31.6,,,342,10.2,,1010.1,
2022-02-03,21.6,19,32.4,,,349,11.3,,1009.8,
2022-02-04,19.7,15.7,26,,,66,8,,1008.7,
2022-02-05,17.8,15.9,25,6.1,,198,19.8,,1009.2,
2022-02-06,16.6,13.4,19.3,7.9,,199,21.7,,1012.7,
2022-02-07,18.2,16.9,21.4,5.1,,161,18.8,,1018.9,
2022-02-08,16.8,9.5,22.1,,,19,9.1,,1018,
2022-02-09,19.4,12.9,26.7,,,358,14.5,,1014.5,
2022-02-10,21.9,15.9,28.7,,,17,18.2,,1010.7,
2022-02-11,18.5,15.2,29.1,,,185,24.1,,1016.5,
2022-02-12,16.9,12.9,18.7,,,169,25.9,,1020.7,
2022-02-13,15.5,8.9,21.5,,,231,10.9,,1012.7,
2022-02-14,18,9.7,25.2,,,351,10.3,,1009.2,
2022-02-15,25,15.2,33.5,,,325,17.9,,1009.7,
2022-02-16,23.3,16.2,34,,,279,23.3,,1012.3,
2022-02-17,17.4,14.6,33.8,,,150,22.3,,1019.8,
2022-02-18,19.1,16.1,21.6,,,78,20.8,,1016.6,
2022-02-19,19.6,14.2,22.6,,,58,15,,1011.7,
2022-02-20,19.4,9.3,23.5,,,61,10.2,,1010.4,
2022-02-21,19.8,17.4,23,,,179,18.9,,1015.6,
2022-02-22,20.5,18.7,22.6,,,169,17.8,,1019,
2022-02-23,19.8,13.8,23.2,0,,111,13.6,,1017.4,
2022-02-24,19.4,17.3,23.3,,,30,17.7,,1011.5,
2022-02-25,21.2,14.7,29,,,293,19,,1011.6,
2022-02-26,20.4,12.9,29.7,,,341,11.8,,1012.2,
2022-02-27,21.9,18.5,31,8.9,,287,10.1,,1006.7,
2022-02-28,17.4,10.4,27.6,0,,277,18.4,,1009.2,
2022-03-01,16.9,5.5,26.2,,,319,23.6,,1010,
2022-03-02,20.1,12.9,27.4,,,278,16.9,,1008,
2022-03-03,15.1,6.3,26,,,356,15.7,,1014,
2022-03-04,20,11.7,31.1,,,348,12.9,,1010.6,
2022-03-05,19.4,16.2,31.6,,,101,13.7,,1011.6,
2022-03-06,18.7,16.4,23.2,,,124,13.8,,1011.3,
2022-03-07,19.4,15.5,24,,,211,16.5,,1005.5,
2022-03-08,17.7,10.3,25.6,,,320,13.6,,1012,
2022-03-09,19.3,14.3,25.6,,,340,16.9,,1013.9,
2022-03-10,17.1,7.3,25.6,,,164,10.1,,1015.7,
2022-03-11,15.7,10.2,22.2,,,232,12.9,,1017.5,
2022-03-12,13.4,4.8,20.4,,,351,9.8,,1019,
2022-03-13,16.4,10.5,23.8,,,327,13.1,,1017.6,
2022-03-14,20.1,12.1,28.9,,,301,17.3,,1012.1,
2022-03-15,18.9,11.8,29.6,,,108,9.8,,1015,
2022-03-16,20.5,10.6,29.7,,,335,17.7,,1012.2,
2022-03-17,20.7,15.4,30.1,,,270,19,,1009.3,
2022-03-18,16.2,6.5,28.9,0,,184,21.5,,1019.6,
2022-03-19,11.4,2.9,18.7,,,237,15.1,,1024.3,
2022-03-20,11.2,0.6,20,,,65,13.1,,1028.2,
2022-03-21,14.8,8.7,17.1,,,23,15.8,,1023.2,
2022-03-22,19.3,16.7,25.7,,,3,18.4,,1012.9,
2022-03-23,17.2,11,26,,,31,12.3,,1007.9,
2022-03-24,19.5,14.3,23.6,22.1,,34,19.1,,1000.9,
2022-03-25,16.1,12.6,21.7,46,,206,18.1,,1001,
2022-03-26,17.2,15.8,18.5,,,228,21.1,,1003.7,
2022-03-27,16.5,9.5,24.5,,,268,15.6,,1009.3,
2022-03-28,17.3,8,26.8,,,340,14.3,,1013.3,
2022-03-29,17.9,13.8,27.3,0.3,,291,17.5,,1005.7,
2022-03-30,10.9,7.3,22.1,9.9,,252,22.2,,1012.1,
2022-03-31,12.1,8.1,16.5,,,258,10.1,,1021.9,
2022-04-01,13.2,6.1,20.4,,,335,11,,1025.7,
2022-04-02,14.8,8.6,21.2,,,356,17.5,,1020.7,
2022-04-03,16.5,10.8,24.4,,,338,19.3,,1012.8,
2022-04-04,13.5,3.8,24.9,,,304,12.8,,1014.4,
2022-04-05,15.5,6.3,24.8,,,328,21.7,,1013.6,
2022-04-06,19.4,12.5,28.5,,,321,21.4,,1011.9,
2022-04-07,15.9,11.8,29,,,139,14.1,,1016.7,
2022-04-08,17.4,15.7,19.3,,,82,10.7,,1017.9,
2022-04-09,16.4,11.7,20.4,,,33,10.8,,1017,
2022-04-10,19.1,17.2,21.7,,,37,11.8,,1013.2,
2022-04-11,17.5,11.2,22.3,14,10,285,13,,1006,
2022-04-12,12.4,5.4,21.4,7.1,,293,15.8,,1008.2,
2022-04-13,12.6,5.6,20.6,0,,270,10.9,,1015.6,
2022-04-14,11.6,4,20.9,,,223,8.3,,1023,
2022-04-15,12.2,6.3,19.7,,,341,11.6,,1023.1,
2022-04-16,13.4,7.1,20.6,,,331,10.1,,1023.7,
2022-04-17,14.5,8.7,21,,,1,8.9,,1023.7,
2022-04-18,14.8,7.7,21.6,,,22,11,,1021.1,
2022-04-19,16.4,12.5,21.2,,,9,9.3,,1017.5,
2022-04-20,16.6,14.3,22.7,,,353,8.7,,1015,
2022-04-21,14.6,9.8,20.5,0,,291,13.6,,1009.2,
2022-04-22,13.2,9.3,19.7,0,,294,21.4,,1002.4,
2022-04-23,13.9,4.6,23.6,,,308,23,,1001.8,
2022-04-24,16.4,8.9,23.7,2,,337,20.6,,1004.9,
2022-04-25,17.1,8.3,23.4,0,,226,12.7,,1006.9,
2022-04-26,14.5,5.3,22.4,,,359,16.6,,1004.8,
2022-04-27,15.9,11.7,22.8,70.1,,278,18.7,,1003.2,
2022-04-28,10.8,8.5,18.4,0,,259,20.5,,1016.4,
2022-04-29,8.6,3.9,14.2,,,244,11.4,,1025.4,
2022-04-30,6.8,-0.2,14.7,,,312,8.4,,1021,
2022-05-01,9.1,1.9,14.5,,,225,16.5,,1017.2,
2022-05-02,10.3,7.5,13.8,0,,227,6,,1024.7,
2022-05-03,8.7,0.6,15.9,,,325,12.8,,1022.5,
2022-05-04,11.6,5.1,19.1,,,325,24.8,,1018,
2022-05-05,13.3,6.7,21.3,,,320,20.1,,1017.7,
2022-05-06,12.9,7.4,21.4,,,335,10.2,,1019.6,
2022-05-07,14.3,7.1,23.1,,,318,16.9,,1019.4,
2022-05-08,15.7,9.3,23.2,,,312,19.3,,1015.9,
2022-05-09,13.9,10.8,23.4,,,146,16.5,,1021.3,
2022-05-10,11.8,8.9,15.6,,,129,8.7,,1020.1,
2022-05-11,11.8,8.5,15.1,,,182,12.6,,1022.6,
2022-05-12,8.2,1.3,15.2,,,32,8,,1021.6,
2022-05-13,11.7,8.3,15.7,,,337,7.9,,1018.3,
2022-05-14,9.7,3.1,16.3,,,257,10.8,,1018.9,
2022-05-15,9.1,2.8,16.5,0,,257,17.5,,1016.9,
2022-05-16,11.2,8.9,13.4,7.1,,194,26.3,,1018.7,
2022-05-17,12.4,11.5,13.2,,,180,35.2,,1023.1,
2022-05-18,11.1,9.3,13.6,0,,190,17.5,,1025.6,
2022-05-19,7.6,1,13.4,,,313,12.1,,1020.5,
2022-05-20,9.7,3.8,16.4,,,318,18.5,,1014.6,
2022-05-21,11.8,4.7,20.2,,,269,9,,1017.4,
2022-05-22,8.6,1.3,20.7,,,327,8.8,,1018.5,
2022-05-23,11.7,5.9,17.2,,,313,9.1,,1015.9,
2022-05-24,10.2,2.9,17.3,3,,225,7.9,,1015.7,
2022-05-25,7.5,1.9,12.5,3.9,,282,8.7,,1021.8,
2022-05-26,6.1,-0.3,12.8,0,,315,7.1,,1025.4,
2022-05-27,8.2,4.5,13,,,290,6.6,,1019.6,
2022-05-28,6.6,-0.1,12.8,0,,300,9.6,,1014.5,
2022-05-29,6.7,1.8,12.8,0.1,,264,17.6,,1011.5,
2022-05-30,5.7,1.4,10.7,4.1,,262,17.5,,1015.4,
2022-05-31,4.8,0,10.2,0,,280,14.1,,1019.7,
2022-06-01,5.2,-0.9,11.7,0.6,,272,14.4,,1020.1,
2022-06-02,6.4,2,12.1,0,,251,6.4,,1024.8,
2022-06-03,3.9,-2.7,10.7,0,,339,8.5,,1027,
2022-06-04,7.5,1.7,13.6,0,,11,9.7,,1021.7,
2022-06-05,7.9,4.5,13.6,0,,317,4,,1017.1,
2022-06-06,9.3,0.9,18.4,0,,313,11.3,,1014.9,
2022-06-07,9.7,2.5,19,0,,325,18.2,,1013.6,
2022-06-08,7.8,0.7,16.9,0,,335,12.4,,1015.9,
2022-06-09,8.1,1.2,16.7,0,,285,20,,1017.7,
2022-06-10,5.7,1.8,14.1,6.1,,253,20.4,,1021.8,
2022-06-11,7.5,2.1,12.9,0,,246,14.5,,1021.1,
2022-06-12,6,-1.7,16.4,0,,333,5.1,,1022.5,
2022-06-13,9.1,2.2,18.1,0,,338,11,,1021,
2022-06-14,9.3,2.8,18.4,0,,342,14.3,,1016.6,
2022-06-15,7.1,1.6,16.2,0,,335,6.5,,1016.4,
2022-06-16,6.7,1,16.6,0,,274,7.1,,1013.5,
2022-06-17,4.2,-0.7,10.4,0,,278,22.6,,1007.1,
2022-06-18,5.5,-0.1,13.2,0,,291,15.1,,1012.7,
2022-06-19,5.3,-0.4,13.9,0,,293,14.4,,1014.2,
2022-06-20,4.5,-2.2,12.6,0,,328,9.5,,1017.8,
2022-06-21,7.3,0.3,11.8,0,,194,13.4,,1019.6,
2022-06-22,6.1,2,11.2,0,,197,10.5,,1023,
2022-06-23,4.5,-0.4,9.7,0,,280,6,,1022.9,
2022-06-24,5.7,1,10.2,0,,262,8,,1026.2,
2022-06-25,4.7,1,10,0,,261,9.5,,1031.1,
2022-06-26,4.7,-1,10.1,0.3,,340,8.6,,1025.9,
2022-06-27,8.2,4.1,13.2,0,,323,20.7,,1015.8,
2022-06-28,7.2,1.5,16.1,0,,309,10.2,,1014.4,
2022-06-29,12,7.4,18.9,1.1,,318,18.6,,1009.6,
2022-06-30,7.9,1.8,19.5,3,,275,10,,1016.2,
2022-07-01,6.8,0.8,12.2,0,,15,14.5,,1011.7,
2022-07-02,8.2,1,12.1,0,,279,16.7,,1011.4,
2022-07-03,5,-2.6,12.6,0,,321,12.8,,1020.7,
2022-07-04,7.3,1.6,12.6,0.2,,356,9.2,,1018.6,
2022-07-05,4.9,-3,14.3,0,,330,8.5,,1017.7,
2022-07-06,5.2,-1,14.8,0.6,,347,11.4,,1011,
2022-07-07,7.9,0.4,11.3,0,,272,22.8,,1011.3,
2022-07-08,5.6,-2.6,14.7,0,,355,11.3,,1021.5,
2022-07-09,10.7,-1.3,15,1,,31,11.8,,1011.2,
2022-07-10,12.1,9.7,15.6,3.6,,226,11.2,,1005.8,
2022-07-11,8.9,6.2,16.2,0,,206,14.4,,1012.9,
2022-07-12,6.6,2.3,10.8,0,,290,14.1,,1016.1,
2022-07-13,8.5,5,15,0.4,,339,24.2,,1015.3,
2022-07-14,8.7,3.4,15.2,7.8,,61,13.2,,1014,
2022-07-15,10.9,9,12,2.8,,217,13.2,,1009.1,
2022-07-16,8.7,7.5,12.1,0,,219,21.9,,1009.8,
2022-07-17,7.2,-0.9,15,0,,310,24.2,,1012.4,
2022-07-18,8.7,-0.1,15.1,1.5,,274,17.4,,1019.9,
2022-07-19,4.7,-5.3,13.6,0,,334,14.2,,1024.3,
2022-07-20,10.1,4.9,18,0,,324,23.6,,1011.6,
2022-07-21,10.1,4.7,18.2,0,,293,11.4,,1012.7,
2022-07-22,8.4,5.2,13.2,0,,42,7.3,,1017.2,
2022-07-23,10,7.1,12.7,0.6,,40,8.7,,1015.1,
2022-07-24,9.7,4.8,13.3,0.3,,176,8.5,,1018.8,
2022-07-25,9.7,8,11.3,0,,117,20.5,,1022.8,
2022-07-26,12.1,10.9,15.1,0.9,,84,8.8,,1018.4,
2022-07-27,11.1,9.7,15.4,0,,144,8.8,,1014.5,
2022-07-28,9.4,7.8,13.2,20.1,,240,24.3,,1010.8,
2022-07-29,9.3,2.1,17.5,0,,270,10.2,,1014.7,
2022-07-30,7.8,0.3,17.9,0,,13,5.9,,1017.1,
2022-07-31,9.6,3.3,17.3,0,,6,5.8,,1018.6,
2022-08-01,9.4,2.8,17.1,0,,6,7.6,,1018.9,
2022-08-02,8.4,2.7,17.1,0,,28,7.4,,1019.8,
2022-08-03,10.4,6.4,13.9,0,,192,10.9,,1017.5,
2022-08-04,8.2,1.7,11.1,0,,214,8.1,,1016.3,
2022-08-05,5.8,-0.5,12.7,0,,280,7.5,,1018,
2022-08-06,5.9,0.3,13.4,0,,274,5.9,,1023,
2022-08-07,6.8,4.4,10.5,0.3,,136,9.4,,1027.1,
2022-08-08,8.5,5.9,12.1,0.1,,135,10.9,,1030.6,
2022-08-09,8.3,4.1,13,0.3,,35,7.2,,1032.4,
2022-08-10,5.2,1.9,13.3,0,,347,13.9,,1027.3,
2022-08-11,10.1,5.8,16.1,0,,350,18.5,,1021.2,
2022-08-12,9.8,4.1,17.3,0,,354,11.9,,1016.8,
2022-08-13,13,6.2,20.8,0,,339,13.1,,1016.3,
2022-08-14,12.6,8.7,21.6,1.9,,40,13.3,,1011.1,
2022-08-15,10.2,2.5,16.8,33,,256,16.1,,1003.2,
2022-08-16,9.1,3.7,15.1,0,,306,19.7,,1003.4,
2022-08-17,9.2,4.6,13.5,4,,293,18.9,,1007.1,
2022-08-18,6.1,2.3,14.1,0.8,,249,17.9,,1018.2,
2022-08-19,7.1,-1.3,16.4,0,,315,16.4,,1023.9,
2022-08-20,10.8,4.3,17.7,0,,325,26.1,,1024.3,
2022-08-21,8.6,3.3,18,0,,224,15.8,,1028.1,
2022-08-22,7.9,6,10.6,0,,5,11.2,,1026.9,
2022-08-23,9.6,6.1,15.8,0,,352,13.5,,1020.5,
2022-08-24,12.3,4.5,21.4,0,,323,10.4,,1017.2,
2022-08-25,13.4,6.8,21.6,0,,331,7,,1016.4,
2022-08-26,9.8,0.2,22.6,4.1,,57,8.5,,1014.2,
2022-08-27,10.7,4.9,17.3,2,,240,16.9,,1013.4,
2022-08-28,6.2,0.8,13,0.3,,256,12.9,,1030.7,
2022-08-29,7.8,0.1,15.6,0,,324,17.6,,1031.1,
2022-08-30,10,1.2,18,0,,337,19.8,,1025.7,
2022-08-31,10.8,4.4,18.3,0,,18,9.4,,1018.1,
2022-09-01,12.8,7.6,19.2,0,,263,9.6,,1014,
2022-09-02,9.4,6.4,19.3,0,,216,16.9,,1023.1,
2022-09-03,8.5,-2.7,19.7,0,,311,18.1,,1024.8,
2022-09-04,12.5,5,25.5,0,,315,18.6,,1021.5,
2022-09-05,12.8,1.6,25.8,0,,337,8.6,,1022.6,
2022-09-06,13.7,3.2,25.1,0,,343,17.8,,1019,
2022-09-07,15.7,10.2,23,0,,0,17.1,,1009.3,
2022-09-08,11.1,8.5,23.2,4.8,,217,18.4,,1009.7,
2022-09-09,7.7,6.1,13.4,7.1,,218,19.2,,1016.1,
2022-09-10,7.9,2.5,14.9,0,,233,11.6,,1021.3,
2022-09-11,9.6,1.4,19.8,0,,342,12.8,,1021.5,
2022-09-12,10.7,3.7,20,0,,7,9.1,,1019,
2022-09-13,9.7,3.9,18.3,0,,261,9.7,,1020.5,
2022-09-14,9.4,6.6,19.2,0,,14,7.5,,1025.1,
2022-09-15,12.3,7.7,20.3,0,,2,16.2,,1024.3,
2022-09-16,14.8,9.3,22,0,,21,20.3,,1022.2,
2022-09-17,14.2,11.7,22.5,0,,41,18.7,,1019.7,
2022-09-18,13.1,9.9,20.2,0,,57,12,,1016.7,
2022-09-19,12.6,11.3,17,15,,89,16.7,,1014.1,
2022-09-20,9.5,4.4,14.5,1,,240,12.6,,1017.4,
2022-09-21,9.9,3.1,17.1,0,,270,9.9,,1018.6,
2022-09-22,10.8,5.8,17.2,6.3,,17,11.8,,1017.8,
2022-09-23,8.9,0.6,16.4,0,,36,10.1,,1019.5,
2022-09-24,13.8,6.8,21.9,0,,356,10.7,,1018.9,
2022-09-25,13.4,10.7,22,0,,126,12.8,,1019.6,
2022-09-26,13.9,10.7,18,0.1,,38,9.9,,1014.6,
2022-09-27,12.3,8.3,19.1,2,,229,19.5,,1021.6,
2022-09-28,7.8,-1.2,15.7,0,,219,8.6,,1031.4,
2022-09-29,10,3.8,16.8,0,,4,14.9,,1029.1,
2022-09-30,10.9,1.7,18.2,0,,30,12.5,,1024.5,
2022-10-01,13.3,4.9,21.3,0,,352,12.7,,1021.6,
2022-10-02,12.3,8.2,21.6,0,,208,20.1,,1024,
2022-10-03,10.4,7.2,16.5,0,,113,17.6,,1024.7,
2022-10-04,11.8,6.1,15.6,0,,49,18.3,,1019.7,
2022-10-05,13.4,7.2,20.9,0.3,,20,11.6,,1017,
2022-10-06,13.9,6.5,21,0.3,,177,7.9,,1011,
2022-10-07,14.5,5.1,24.8,0.3,,278,12.6,,1004.7,
2022-10-08,12.2,6,25.3,5.1,,266,25,,1004,
2022-10-09,8.6,4.3,13,4.1,,227,14,,1018.4,
2022-10-10,7.6,-0.2,13.6,0,,18,12.5,,1025.3,
2022-10-11,11.7,3.1,20.8,0,,9,14.2,,1020.1,
2022-10-12,13.8,7.2,25.5,0,,310,20.6,,1008.5,
2022-10-13,10.6,6.1,25.8,0,,217,18.5,,1019.1,
2022-10-14,6.8,-1.3,12.3,0,,30,9.4,,1032.9,
2022-10-15,9.5,0.3,15.7,0,,20,14.6,,1030.8,
2022-10-16,11.2,3.9,16.9,0,,48,8.8,,1026.7,
2022-10-17,11.7,4,17.6,0,,53,11.1,,1030.2,
2022-10-18,14.2,10.7,17.7,0,,71,20,,1028.4,
2022-10-19,15.4,12.8,18.9,0.3,,54,17.2,,1020,
2022-10-20,17.6,15,23.6,0.4,,14,13.7,,1010.5,
2022-10-21,13.2,10.6,16.7,0.7,,162,24.5,,1015.8,
2022-10-22,10.5,8.1,14.3,0.8,,153,19.1,,1023.7,
2022-10-23,9.6,-1.5,16.1,0,,34,14,,1023.6,
2022-10-24,15.3,10.2,21.5,0,,26,17.1,,1019,
2022-10-25,17.9,11.4,25.8,0,,1,12.5,,1013.9,
2022-10-26,15.9,12.6,26.2,0,,63,13.8,,1004.8,
2022-10-27,16.8,12.3,24.8,0.3,,258,20.6,,1003.6,
2022-10-28,17.4,12.1,25.1,0,,289,19.4,,1003.4,
2022-10-29,14.4,11.8,24.2,4.1,,166,12.2,,1002.9,
2022-10-30,11.3,7.9,19,10.9,,182,18.7,,1010.8,
2022-10-31,9.9,6.3,14.5,0,,216,15.2,,1026.7,
2022-11-01,10,1.3,17.8,0,,345,10.3,,1029.8,
2022-11-02,15.3,7.3,26.5,0,,241,18.8,,1028.3,
2022-11-03,12.8,9.2,26.7,0,,81,14.2,,1030.7,
2022-11-04,13.6,6.2,17.9,0,,33,19.1,,1028,
2022-11-05,16.1,11.6,20.1,0,,44,23.6,,1025.9,
2022-11-06,16.8,13.1,22,0,,45,23,,1026.7,
2022-11-07,17.3,13.5,22.7,0,,42,22.7,,1025.8,
2022-11-08,18.7,12.6,26.4,0,,18,19.7,,1021.8,
2022-11-09,18,11.7,26.9,0,,26,19.8,,1017,
2022-11-10,17.6,10.5,26.6,0,,30,15.8,,1015.2,
2022-11-11,17.8,11.8,26.7,0,,44,12.9,,1014.3,
2022-11-12,18,14.8,27.7,0,,73,14.3,,1012.1,
2022-11-13,18.3,15.7,22.4,21.1,,80,13.1,,1009,
2022-11-14,16.7,14.7,21.7,13,,224,22.9,,1000,
2022-11-15,18,13.1,24,0,,243,18.2,,1008.2,
2022-11-16,18.3,11.3,24.3,0,,18,10.4,,1014.4,
2022-11-17,17.4,14.4,25.4,6.1,,132,14.1,,1018.9,
2022-11-18,17.8,14.7,20.6,7.7,,54,19.3,,1017.3,
2022-11-19,19.1,17.4,22.8,16.7,,79,14.9,,1010.1,
2022-11-20,17.4,14.7,23.4,4.1,,188,16.5,,1011.5,
2022-11-21,15.2,13.9,19.9,4.1,,179,23.9,,1016,
2022-11-22,14.9,11.6,19.5,0,,196,11.8,,1013.5,
2022-11-23,19.7,11.6,31,0,,304,21.5,,1007.6,
2022-11-24,19.1,11.4,31.1,0,,260,21.2,,1012.7,
2022-11-25,15.7,13.2,31.8,0,,95,21.3,,1023,
2022-11-26,17.5,12.8,20.4,0,,63,15.3,,1021.8,
2022-11-27,20.1,17.1,24.6,0,,58,11.1,,1020.8,
2022-11-28,20.3,17.5,25,1.1,,66,20,,1015.1,
2022-11-29,23,18.4,32.6,16.7,,9,20.2,,1007.3,
2022-11-30,18.9,16.6,33.6,36.1,,134,15.2,,1010.2,
2022-12-01,17.1,15.5,22,14,,164,23.9,,1012.8,
2022-12-02,16.7,14,20.1,2,,160,10.7,,1014.2,
2022-12-03,18.2,10.6,26.5,0,,3,15.5,,1012.4,
2022-12-04,21.2,12.2,31.2,0,,307,13.7,,1010.2,
2022-12-05,21.4,12.7,28,0,,45,12.9,,1012,
2022-12-06,23.8,18.8,31.9,0,,306,20.9,,1012,
2022-12-07,21.4,17.3,32.2,2.5,,72,23.7,,1010.5,
2022-12-08,24.7,17.9,32.1,0.1,,305,20.6,,1004.3,
2022-12-09,22.3,14.4,32.4,0.1,,254,21.9,,1005.5,
2022-12-10,19.4,9.4,32.3,0,,9,13.6,,1012.5,
2022-12-11,19.9,14.3,26.6,6.1,,315,12.2,,1005.8,
2022-12-12,16.9,9.7,26,5.1,,220,16,,1008.4,
2022-12-13,18.8,8.5,27.6,0,,317,17.5,,1010.1,
2022-12-14,23.3,14,32.7,0.3,,313,21.4,,1006.8,
2022-12-15,19.3,15.7,33.3,4.1,,187,20.7,,1016.2,
2022-12-16,16.6,13.6,22.6,0,,117,18.7,,1020.7,
2022-12-17,17.4,10,21.8,0,,45,21.9,,1017,
2022-12-18,19.2,11.4,24.2,0,,21,21.3,,1017.3,
2022-12-19,20.8,16.3,26.4,0.2,,29,17.1,,1018.2,
2022-12-20,21,15.6,27.3,0.7,,52,20.4,,1018.7,
2022-12-21,21.1,17.3,24.6,0,,40,21.7,,1018.1,
2022-12-22,21.8,18.1,28,0,,32,23.6,,1014,
2022-12-23,21.3,17.4,28.4,22.1,,52,15.7,,1011.5,
2022-12-24,17.3,14.1,29,58.9,,185,24.8,,1015.1,
2022-12-25,15.4,11.5,19.4,0,,224,15.1,,1018.1,
2022-12-26,14.8,6.3,19.8,0,,42,8.9,,1016.1,
2022-12-27,21.6,13.8,31.6,0.1,,306,20.2,,1010,
2022-12-28,18.7,16.8,32,0.5,,161,22.9,,1012.9,
2022-12-29,20,8.9,29,0,,298,13.3,,1012,
2022-12-30,23.4,15.6,34.6,0,,298,27.1,,1006.6,
2022-12-31,18.2,14.9,34.9,0,,159,17.2,,1015.1,
2023-01-01,19.4,17.5,22.2,20.7,,53,16.2,,1012.2,
2023-01-02,19.2,15.3,23.5,0.4,,212,15.7,,1006.1,
2023-01-03,17.8,12.5,23.9,0,,158,11.2,,1008.6,
2023-01-04,20.4,9.7,29.5,0,,337,10.4,,1012.7,
2023-01-05,22,16,30.8,0,,315,22.6,,1014.3,
2023-01-06,23.8,16.5,32.2,0,,13,14.2,,1018.1,
2023-01-07,22.9,17.6,33,0,,39,22.9,,1022.4,
2023-01-08,22.4,19.6,27.8,0,,56,25.7,,1021.5,
2023-01-09,21.8,18.2,26,0,,53,23.4,,1017.5,
2023-01-10,21.6,17.3,24.9,0,,53,22.2,,1014.2,
2023-01-11,20.6,13.3,25.2,4.6,,33,9.2,,1011.9,
2023-01-12,18.7,11.8,25.6,19.1,,223,8.7,,1010.3,
2023-01-13,17.8,11.2,24.5,0,,256,15.5,,1009.3,
2023-01-14,17.1,8.2,23,0,,50,11.1,,1009.7,
2023-01-15,21.2,14.4,31.1,0,,333,11.3,,1013.5,
2023-01-16,20.8,18.4,31.9,42.9,,139,15.6,,1015.6,
2023-01-17,22.1,20.9,25.7,0,,88,15.9,,1018.5,
2023-01-18,23.2,20.8,26.5,0,,67,21.6,,1021.9,
2023-01-19,23.1,19.6,26.2,0,,53,21.7,,1018.5,
2023-01-20,22.4,20,26.6,0.1,,42,20.3,,1010.8,
2023-01-21,23.3,19.9,28.8,16.7,,296,15,,1002.7,
2023-01-22,22.2,14.9,29.7,0,,247,17.1,,1004.9,
2023-01-23,19.7,12.3,29.8,0,,196,12.4,,1010.6,
2023-01-24,20.8,11.3,26.9,1.3,,313,15.4,,1007.9,
2023-01-25,19.8,13.6,34.2,0.3,,110,17.3,,1013,
2023-01-26,20.6,17.9,23.7,7.9,,61,14.2,,1009.5,
2023-01-27,22,20,29.3,4.4,,109,13,,1011.3,
2023-01-28,22.2,19.8,25.4,0,,88,15.3,,1016.5,
2023-01-29,20.4,12.5,25.2,0,,46,13.9,,1018.7,
2023-01-30,21.5,15.4,25.3,0,,48,16.5,,1013.4,
2023-01-31,21.4,16.6,26,0,,115,12.9,,1012.5,
2023-02-01,20.8,18.2,25.5,0.5,,137,14.5,,1016.4,
2023-02-02,21.2,19.1,23.7,12.5,,98,15.5,,1017.4,
2023-02-03,21.3,18.6,23.8,0.3,,124,20.5,,1019.5,
2023-02-04,19.6,12.6,24.2,0,,171,13.2,,1017.7,
2023-02-05,21.6,9.6,31.5,0,,324,16.1,,1011.1,
2023-02-06,21.9,17.2,32,0,,135,21,,1012.3,
2023-02-07,21.9,19,28.6,3.8,,44,17.6,,1012.5,
2023-02-08,23.2,18.1,30,1.1,,29,13.7,,1010,
2023-02-09,21.3,16.2,30.4,0,,136,11.1,,1012,
2023-02-10,22.2,15.4,26.9,0,,39,13.7,,1010.5,
2023-02-11,27,21.8,36,0,,34,18.1,,1009.3,
2023-02-12,25.5,20.4,36.8,4.8,,349,18.3,,1004.6,
2023-02-13,22.6,18.4,34.9,73.9,,347,19.2,,1003.8,
2023-02-14,19.9,15.2,29.2,0,,254,12.7,,1006.3,
2023-02-15,17.9,8.7,27.7,0,,305,19.3,,1006.1,
2023-02-16,14.6,9.8,28.1,14,,186,16,,1004.7,
2023-02-17,11.8,8.2,16.3,17.8,,230,20.3,,1007.1,
2023-02-18,13.1,8.9,17.9,0.8,,255,17.1,,1016.3,
2023-02-19,17,8.5,25.3,0,,334,20.2,,1018.5,
2023-02-20,17.9,10.4,26.1,0,,336,13.4,,1018.2,
2023-02-21,18.7,11,26.8,0,,15,13.9,,1016.8,
2023-02-22,23.7,16.7,31.8,0,,353,14.1,,1014.2,
2023-02-23,24.4,16.2,32.1,3,,336,16.9,,1012.9,
2023-02-24,20.9,16.7,31.6,0,,49,14.5,,1013.1,
2023-02-25,23.3,18.1,30.1,0.3,,348,14.5,,1005.2,
2023-02-26,18.2,9.2,30.6,0,,254,12.2,,1013.3,
2023-02-27,19.7,11,28.3,0,,322,14.3,,1017.5,
2023-02-28,21.7,13.9,29.9,0,,5,13.8,,1014,
2023-03-01,24.5,20,33.6,7.6,,343,14.4,,1007.7,
2023-03-02,20.9,16.2,34,0,,146,14.6,,1009.4,
2023-03-03,25.4,19,35,0,,15,14,,1005.6,
2023-03-04,21.2,17.8,34.6,13,,142,23.4,,1013.2,
2023-03-05,21.2,17,26.4,0,,26,14.8,,1013.3,
2023-03-06,25.9,20.6,34.6,0.3,,8,15.2,,1009.8,
2023-03-07,22.8,17.7,34.8,0,,21,12.6,,1010.1,
2023-03-08,22,16.3,28.2,0,,206,8.1,,1010.7,
2023-03-09,20.6,13.7,28.5,0.4,,4,12.2,,1013.5,
2023-03-10,21.3,17.8,29.6,17,,116,12.8,,1014.3,
2023-03-11,22.6,19.5,25.4,0,,65,11.6,,1013.5,
2023-03-12,26.9,21,35.6,0,,358,11.7,,1012.8,
2023-03-13,26.7,22.6,36,2.3,,9,15.5,,1013.4,
2023-03-14,24.5,21.8,33.5,5.1,,78,15.1,,1012.8,
2023-03-15,22.4,21.3,28.4,9.9,,85,11.4,,1012.7,
2023-03-16,21.1,17.4,24.4,0.2,,115,9.4,,1014,
2023-03-17,22.6,18.3,29.7,0,,281,14.8,,1014,
2023-03-18,19.7,17.8,30.2,0,,140,19.7,,1018.8,
2023-03-19,20.4,17.5,22.8,24.2,,244,10.6,,1012.6,
2023-03-20,17.8,11,23.3,0,,186,11.3,,1016.9,
2023-03-21,17.2,10.7,22.4,0,,31,8.2,,1020.7,
2023-03-22,18.2,12,22.7,0,,28,12.7,,1021.9,
2023-03-23,20.5,16.1,25.7,6.8,,333,10,,1018.3,
2023-03-24,19.6,17.7,26.5,0.7,,110,14.4,,1020.1,
2023-03-25,19.7,16.1,25.9,2.2,,224,13,,1014.1,
2023-03-26,16.6,14.3,26.1,0,,191,15.8,,1019.4,
2023-03-27,15.6,6.9,24.6,0,,345,15.3,,1016.4,
2023-03-28,22.4,16.2,29.1,0,,342,23.9,,1007.6,
2023-03-29,19.6,8.5,29.3,7.9,,250,17.3,,1010.3,
2023-03-30,12.6,4.7,20.5,0,,355,12.6,,1017.9,
2023-03-31,13.7,10.3,18.8,1.3,,238,23.7,,1018.3,
2023-04-01,14.1,9.1,19.5,0,,307,10.4,,1020.2,
2023-04-02,18.1,13.1,25.9,0,,326,13.5,,1014.6,
2023-04-03,16.2,9.6,26.5,0,,341,9.9,,1014.6,
2023-04-04,15.3,9.9,22.5,0,,121,10.8,,1019.8,
2023-04-05,14.3,5.6,20.9,0,,27,15.5,,1021.4,
2023-04-06,18.6,11.6,21.4,0.1,,39,16.2,,1022,
2023-04-07,16.4,8.6,22.8,0,,8,10.1,,1020.7,
2023-04-08,18.3,11.6,25.9,0,,339,14.5,,1019.4,
2023-04-09,19.5,12.3,27,0,,326,20.1,,1015.5,
2023-04-10,16.5,14.7,27.5,0,,127,22.8,,1020.1,
2023-04-11,18.8,16.1,25.3,6.1,,325,15.4,,1010.4,
2023-04-12,15.3,9.9,26,15,,216,15.5,,1013.2,
2023-04-13,11.4,7.1,16.6,0,,252,16.1,,1017.4,
2023-04-14,11.6,5.7,17.1,0,,270,5.3,,1020.9,
2023-04-15,11,4.4,17,0,,303,7.1,,1021.6,
2023-04-16,11.2,5,17.5,0,,206,9,,1018.3,
2023-04-17,11.5,6.1,19.2,2.6,,315,11.2,,1010.4,
2023-04-18,12.2,5.7,20.5,5.1,,283,13.7,,1000.7,
2023-04-19,12.6,10,18.4,0,,226,14.9,,1006.3,
2023-04-20,13.1,4.3,21.9,0,,327,12.9,,1016.5,
2023-04-21,14.6,8.6,22.2,0,,331,20.6,,1015,
2023-04-22,13.8,9.4,20.4,0,,168,15.8,,1022.1,
2023-04-23,15.4,10.9,18.9,0,,80,5.4,,1023.9,
2023-04-24,14.9,10,19.4,0,,31,8.9,,1022.1,
2023-04-25,16.6,13.6,19.5,0,,54,4.9,,1016.3,
2023-04-26,17.8,14,25.3,0,,298,10.8,,1013.3,
2023-04-27,15.1,12.4,25.6,0,,157,9.9,,1014.2,
2023-04-28,17.7,11.7,26.2,0,,349,17.8,,1011.2,
2023-04-29,20.9,13.6,26.5,0,,351,20.2,,1008.6,
2023-04-30,17,11.9,26.4,21.1,,302,18.8,,1006.9,
2023-05-01,12.9,8.2,20.7,0,,267,14.3,,1017,
2023-05-02,10.1,2.8,17.1,0,,261,8.6,,1021.1,
2023-05-03,10.5,3.8,18.8,0,,335,9.4,,1020.8,
2023-05-04,11.5,4.1,21,0,,321,12.4,,1019,
2023-05-05,11.9,3.6,22,0,,341,8.6,,1022.7,
2023-05-06,11.1,2.7,22.5,8.2,,54,13.7,,1016.7,
2023-05-07,16.6,13.5,19.5,1,,310,11.8,,1009,
2023-05-08,14.4,12.9,20,6.1,,245,19.4,,1013,
2023-05-09,13.3,9.4,18.7,0,,269,12.9,,1016.7,
2023-05-10,11.9,9.8,19.3,0,,221,13.4,,1020.9,
2023-05-11,10.9,6.5,14,0,,156,8.4,,1023.2,
2023-05-12,11.5,6,16.7,0,,332,15.6,,1018.3,
2023-05-13,12.3,6.6,17.8,0,,267,7.6,,1014.9,
2023-05-14,13.8,9.2,21.8,0,,314,10.2,,1014.3,
2023-05-15,12.7,7.3,23.3,0,,63,9,,1018.6,
2023-05-16,15.8,9.5,24.7,0,,4,13.1,,1016.5,
2023-05-17,16.4,9.8,24.9,0,,354,12.1,,1013.5,
2023-05-18,15.4,11.7,24.5,0.8,,267,10.7,,1013.6,
2023-05-19,10.5,5.8,20.4,0,,316,8.4,,1018.1,
2023-05-20,10.4,5.3,16,0,,191,8.6,,1022.4,
2023-05-21,11.7,3.8,18.2,0.7,,22,14.7,,1016.9,
2023-05-22,15.8,6,18.6,6.1,,16,10.3,,1012.5,
2023-05-23,15.4,12.9,18.2,0.1,,22,6.3,,1014.5,
2023-05-24,15.9,13.8,18.4,0,,25,3.7,,1011.4,
2023-05-25,14.7,12.4,18.6,2.1,,60,9.4,,1011.6,
2023-05-26,14.8,11.5,20.1,5.4,,262,14.3,,1008.6,
2023-05-27,9.2,5.9,20.1,0,,253,15.6,,1023.1,
2023-05-28,7.5,3.3,12.7,0,,287,12.3,,1027,
2023-05-29,7.5,2.5,13.5,0,,320,13.8,,1023,
2023-05-30,10.9,8.3,15.1,0.9,,336,17.2,,1020.6,
2023-05-31,13.2,10.7,16.5,0.2,,348,13.3,,1017.1,
2023-06-01,12.6,7.1,20.3,0,,292,9,,1017.1,
2023-06-02,13.7,6.6,20.5,14.8,,325,12.3,,1012.6,
2023-06-03,12.8,5.6,19,29,,279,7.7,,1014.2,
2023-06-04,11.4,6.2,19,0,,267,15.4,,1019.9,
2023-06-05,7.7,0.8,15.1,0,,320,10.8,,1022.8,
2023-06-06,11.4,7.2,14.7,0,,320,22.9,,1012.5,
2023-06-07,11.4,5.6,17.1,0,,319,8.9,,1017.2,
2023-06-08,14.1,9.5,19.8,0,,336,19.1,,1008.2,
2023-06-09,15.6,8.4,21,0,,260,21.9,,1006.6,
2023-06-10,8.2,1.4,14.7,0,,274,18.4,,1012.9,
2023-06-11,6.1,1.7,12.7,0.3,,276,15.9,,1018.3,
2023-06-12,6.1,0.6,10.1,0,,270,12,,1024.6,
2023-06-13,6.8,2.1,13.5,0,,299,10.8,,1029.4,
2023-06-14,5.3,-1.1,13.8,0,,322,19.3,,1026.4,
2023-06-15,7.6,3,13.7,0,,325,19.4,,1024.6,
2023-06-16,6.8,-0.2,14,0,,306,9.3,,1023.1,
2023-06-17,9.1,1.5,14.4,0.1,,234,15.7,,1022.6,
2023-06-18,8.4,4.9,11.8,0.3,,314,10.7,,1023.5,
2023-06-19,7.2,2.9,11.5,0,,262,9.6,,1025.7,
2023-06-20,10.2,4,13.3,0.8,,99,10.7,,1026.2,
2023-06-21,8.7,2,14,0,,207,5.5,,1019.7,
2023-06-22,8.4,1.7,15.7,0,,315,14.4,,1012.9,
2023-06-23,10.1,2.2,15.8,0,,326,23.8,,1006.7,
2023-06-24,11.2,10,13,2.5,,316,13,,1007.4,
2023-06-25,11.1,7.8,15.4,0,,325,9.9,,1012.5,
2023-06-26,10.8,6.5,17.1,1.2,,312,16.3,,1011.3,
2023-06-27,7.7,3.7,17.5,2.1,,309,7.9,,1016,
2023-06-28,8.3,5.4,12,0.3,,252,14.1,,1021.2,
2023-06-29,6.7,1.5,12.4,0,,327,7.8,,1026.9,
2023-06-30,7.2,3.7,13.1,0,,333,11.7,,1024.5,
2023-07-01,9.3,5.5,15.6,0,,336,9.9,,1022.2,
2023-07-02,11.2,6.2,15.6,11.1,,25,15.7,,1018,
2023-07-03,13.6,10.2,15.7,6.2,61,356,10.5,,1015.5,
2023-07-04,13.2,11.2,15.5,36.1,,60,12.8,,1012.6,
2023-07-05,11.6,7.3,15.6,0,,292,8.4,,1015.1,
2023-07-06,10.7,7,14.9,0,,277,7.1,,1015.7,
2023-07-07,7.6,3,15,0,,252,6.9,,1019.4,
2023-07-08,5.7,1.2,12.3,0.6,,342,5.6,,1020.4,
2023-07-09,8.1,4.7,11.2,3.1,,314,6.8,,1017,
2023-07-10,6.9,3.3,11.5,0.2,,263,7.8,,1018.9,
2023-07-11,4.9,0.1,12,0,,168,8.7,,1023.2,
2023-07-12,7.6,6.1,8.7,0,,147,21.5,,1021.9,
2023-07-13,7.1,2.6,9.2,0,,202,13.4,,1022.5,
2023-07-14,5.1,0.8,9.7,0,,320,13.4,,1020.8,
2023-07-15,7.6,3.9,13.1,0,,310,20.9,,1015,
2023-07-16,7.1,4.3,13.3,0,,258,16.3,,1017.9,
2023-07-17,5.2,2.4,10,1,,262,13.9,,1024,
2023-07-18,5,0.7,10.1,0,,254,8.3,,1030.9,
2023-07-19,4.9,-0.2,10.5,0,,0,14.6,,1030.6,
2023-07-20,9.7,6.1,15.1,0,,10,16.7,,1020.6,
2023-07-21,13.6,8.4,20.6,2.5,,360,10.4,,1008.8,
2023-07-22,13.8,10.2,20.7,0,,222,9.2,,1006.5,
2023-07-23,9.3,6.5,13.8,32,,235,16.1,,1019.5,
2023-07-24,7.4,4.5,11.7,1,,129,15.5,,1031.1,
2023-07-25,6.9,0.6,12.2,0,,29,9.2,,1023.9,
2023-07-26,10.1,7.7,12.9,2.9,,237,14,,1015.4,
2023-07-27,7.4,4.3,12.9,0,,240,7.6,,1022.3,
2023-07-28,7.2,5,10.3,0,,8,7.2,,1028.2,
2023-07-29,10.5,5.7,15.4,0,,348,29.6,,1019.8,
2023-07-30,12.2,8.7,18.4,0,,300,18.2,,1015.6,
2023-07-31,8.8,1.6,18.6,0,,6,8.7,,1019.4,
2023-08-01,14.4,8.9,24,0,,310,17.1,,1013.4,
2023-08-02,10.8,3.2,24.4,0,,261,11.8,,1015.9,
2023-08-03,6.7,-1.6,16.8,0,,296,10.5,,1023.4,
2023-08-04,7.9,1.5,14.6,0,,286,13.6,,1018.4,
2023-08-05,5.9,-2.3,14.3,0,,350,10.1,,1019.3,
2023-08-06,10.5,7.1,16.1,0,,276,12,,1011.3,
2023-08-07,7.9,5.3,17.6,0,,180,18.9,,1028.7,
2023-08-08,4.6,-3.1,11.7,0,,0,13.1,,1030.6,
2023-08-09,10.2,5.5,17,0,,19,14.1,,1021.7,
2023-08-10,13.5,11.3,17.7,6.6,,19,14.1,,1010.6,
2023-08-11,11,7.1,18,0.8,10,267,25.4,,1008,
2023-08-12,6.7,4.7,13.1,0.3,,248,25.7,,1019.3,
2023-08-13,6.4,-0.7,13.6,0,,323,21.6,,1019.4,
2023-08-14,11.6,7.1,20.2,0,,340,17.4,,1011.5,
2023-08-15,13.3,6.8,20.5,0,,326,19.6,,1009.4,
2023-08-16,10.9,9.4,20.8,0.2,,143,26.5,,1015.1,
2023-08-17,10.2,9.1,11,8.9,,110,33.4,,1015.4,
2023-08-18,10.2,6.9,12.7,17.7,,265,18.4,,1008.6,
2023-08-19,7.3,5.2,13,0,,267,32,,1000.3,
2023-08-20,8.1,4.4,11.1,0.2,,250,19.3,,1004.9,
2023-08-21,7.1,3.2,11.5,0,,339,12.5,,1004.6,
2023-08-22,10.9,8.5,14.7,2.5,,287,11.9,,999.9,
2023-08-23,9.5,3.3,16,0,,284,13.9,,1004.7,
2023-08-24,6.4,-0.5,16.2,0,,261,10.8,,1013.3,
2023-08-25,6.8,-0.8,13.7,0,,263,10.9,,1018.7,
2023-08-26,6.2,1.4,14.5,0.2,,218,9.1,,1025.2,
2023-08-27,6,-0.7,14.1,0,,342,11.1,,1028.1,
2023-08-28,7.1,-0.4,14.2,0,,7,14.6,,1025.2,
2023-08-29,9.5,5.7,15.3,0,,356,12.9,,1022.4,
2023-08-30,10.3,5.6,18.9,2.8,,331,14.5,,1013.9,
2023-08-31,9.2,2.8,19.7,0.8,,280,11.9,,1017.2,
2023-09-01,11,6.1,16.7,0,,351,15.2,,1012,
2023-09-02,11.8,8.9,15.5,0,,199,17.3,,1013.7,
2023-09-03,8.8,7.3,13.9,0,,143,14.6,,1017.5,
2023-09-04,7.5,4.1,10.5,0,,214,16,,1020.7,
2023-09-05,6.5,0.9,11.5,0,,201,11.8,,1028.1,
2023-09-06,5.5,-1.3,10.4,0,,79,19.7,,1029.4,
2023-09-07,10.8,7.1,11.6,16.3,,66,24.7,,1016.9,
2023-09-08,11.5,6.2,17.3,0,,245,16.4,,1013.1,
2023-09-09,10.9,2.9,20.2,0,,317,11.9,,1016.3,
2023-09-10,14.8,10.8,20.5,2.3,,349,15.4,,1013.1,
2023-09-11,10.8,8.1,21.2,0,,291,10.1,,1006.8,
2023-09-12,10.6,4.9,16.1,0,,257,17.6,,1015.9,
2023-09-13,7.3,-1.2,16.2,0.1,,9,7.6,,1021.7,
2023-09-14,10.9,3,18.2,0,,331,22,,1016.5,
2023-09-15,14.9,10.5,18.7,0,,326,28,,1003,
2023-09-16,13.3,6.9,20.6,0,,288,9.2,,1003.2,
2023-09-17,9.7,3.4,21.2,0,,236,12.1,,1013.9,
2023-09-18,9.6,7.7,14.3,0,,146,16.1,,1022.8,
2023-09-19,5.3,-0.2,11.5,0,,93,10.7,,1025.4,
2023-09-20,11,7.4,13.7,0,,106,15.9,,1023.2,
2023-09-21,13.7,11,18.9,0.4,,189,13.5,,1011.2,
2023-09-22,9.4,7.8,19.8,0,,156,18.2,,1019,
2023-09-23,9.8,5.5,15.4,0,,70,10.1,,1016.1,
2023-09-24,9.3,3.8,15.8,0,,209,13.9,,1017.5,
2023-09-25,7.4,0.4,14,0,,351,11.5,,1019.5,
2023-09-26,9.5,6.1,15,1,,359,7.1,,1018.7,
2023-09-27,10.8,2.9,18.4,0,,339,13,,1018.8,
2023-09-28,14.2,7.3,20.7,0,,341,18.9,,1018.7,
2023-09-29,11.1,7.6,21.4,3,,236,16.4,,1023,
2023-09-30,8.4,6.4,11.6,0,,244,17.2,,1021,
2023-10-01,9.4,7.1,11.9,0,,168,13,,1018.6,
2023-10-02,10.4,6.8,14.3,0,,43,14.8,,1016.9,
2023-10-03,10.4,8.2,15.5,0.9,,46,7.7,,1014.1,
2023-10-04,10.1,7.1,14.7,2.5,,228,22.8,,1009.5,
2023-10-05,13.7,3.7,22.5,0.8,,282,21.1,,1002.6,
2023-10-06,12.3,2.3,22.9,0,,249,14.7,,1007.1,
2023-10-07,12.5,3.2,20.6,0,,340,14.1,,1017.9,
2023-10-08,16.2,5.5,26.1,0.1,,324,21.5,,1014.6,
2023-10-09,17.1,6.7,26.4,0.5,,336,10.7,,1013.5,
2023-10-10,17.5,13.7,26.6,3,,331,13.5,,1010.9,
2023-10-11,10,7.7,19.5,0.5,,211,20.9,,1021.5,
2023-10-12,7.8,1.1,13.4,0,,259,11.2,,1023.5,
2023-10-13,11.1,4.9,19.5,0,,276,18.5,,1022.8,
2023-10-14,11.4,3.6,21.1,0,,22,13.5,,1023.2,
2023-10-15,13.7,8.3,21.4,0,,38,20.4,,1020.3,
2023-10-16,14.2,10,20.5,6.1,,128,13.5,,1014.3,
2023-10-17,11.2,7.2,20.2,0,,209,19.1,,1022.2,
2023-10-18,10.6,2,18.5,0,,359,13.2,,1025.4,
2023-10-19,11.9,6.2,19.5,0,,57,14.5,,1024.4,
2023-10-20,14,10.2,17.7,0,,59,21.1,,1021.3,
2023-10-21,15.8,12.8,20.3,0.2,,49,17.1,,1017.5,
2023-10-22,14.8,12.2,21.7,7.9,,127,11,,1015.6,
2023-10-23,13.6,11.6,18.2,0,,158,19.8,,1017.7,
2023-10-24,12.3,10.8,15.7,1.2,,171,23.9,,1019.4,
2023-10-25,10.9,5.8,14.6,0,,169,12,,1016.1,
2023-10-26,16.3,6.1,26.3,0,,315,19.7,,1008.1,
2023-10-27,18.5,10,26.8,0.6,,328,22.6,,1004.3,
2023-10-28,20.7,13.5,27.6,0,,16,17.9,,1002.1,
2023-10-29,17.6,14.3,27.8,7.1,,240,14,,1004.2,
2023-10-30,13.9,8.9,23,0,,227,19,,1016.4,
2023-10-31,9.6,4.3,17.9,0,,179,14,,1024.9,
2023-11-01,9.1,2.7,14.3,0,,138,16.7,,1026.4,
2023-11-02,9.4,6.4,12.5,1,,116,19.1,,1021.5,
2023-11-03,11.6,7.5,13.3,8,,173,16.4,,1014.8,
2023-11-04,11.3,3.3,18.7,0,,209,11.5,,1015.2,
2023-11-05,16,5.5,25.4,0,,332,16.5,,1015.1,
2023-11-06,17.7,9.5,27,0,,354,16.1,,1015.8,
2023-11-07,18.1,12.4,27.8,2.5,,21,15.2,,1009.1,
2023-11-08,17.2,8.3,28.6,8.9,,248,15,,1012.1,
2023-11-09,13.2,4.4,25.5,0,,348,13.9,,1017,
2023-11-10,14.4,8.2,21.2,2.1,,14,19.5,,1012,
2023-11-11,18.1,14.2,24.7,16.9,,329,20.4,,999.8,
2023-11-12,15.5,7.5,24.9,0,,239,16.1,,1010.6,
2023-11-13,13.1,4.1,20.9,0,,354,11.6,,1014,
2023-11-14,15.3,8.4,23.6,0,,273,19.6,,1011.5,
2023-11-15,16.7,11.8,24.5,4.5,,63,18.5,,1005.9,
2023-11-16,13.1,6.5,24.8,2,,10,17.8,,1003.2,
2023-11-17,18.3,10.6,28.8,5.3,,326,21.6,,999,
2023-11-18,15.2,10.6,29.2,3,,255,20.2,,1002.2,
2023-11-19,14.5,5.1,22.1,0,,273,17.9,,1009.6,
2023-11-20,16.8,8.2,27.8,5.5,,315,18.1,,1007.1,
2023-11-21,16.9,10,29.5,3,,230,17,,1007.6,
2023-11-22,14.1,4.3,22.6,0,,15,14.6,,1013,
2023-11-23,15.8,7.1,24.3,0,,240,15.4,,1018.4,
2023-11-24,13.2,2.5,24.9,0,,3,11.7,,1024.9,
2023-11-25,19.6,10.1,29.4,0,,347,17.8,,1018.7,
2023-11-26,23.5,14.9,31.8,0,,347,19.5,,1013.1,
2023-11-27,17.8,15.5,32.4,0,,139,14.9,,1016.9,
2023-11-28,20.9,18.2,24,0,,43,23,,1012.7,
2023-11-29,20.6,16.5,25.7,8.1,,337,16.3,,1009.6,
2023-11-30,23.7,15.2,31.6,0,,325,14.3,,1010.1,
2023-12-01,19,14.6,31.8,7.9,,53,13,,1007.3,
2023-12-02,18.6,13.7,30,1.4,,261,16.5,,1008.6,
2023-12-03,14.7,6.3,30.6,0.3,,191,14.6,,1019.8,
2023-12-04,12.5,3.4,20.3,0,,25,12,,1024.9,
2023-12-05,15,7.9,19.3,11.5,,28,13.7,,1020.7,
2023-12-06,16.8,15.4,20.6,4.1,,130,15.8,,1013.5,
2023-12-07,16.7,14.3,19.9,2.7,,175,16.6,,1015.8,
2023-12-08,14.3,8,20.7,0,,103,14.6,,1022.2,
2023-12-09,17.8,11.5,23.8,0.4,,12,17.5,,1018.9,
2023-12-10,20,16.1,25.7,2.4,,25,15.5,,1015.7,
2023-12-11,21.4,17,27,0,,19,20.7,,1013.2,
2023-12-12,23.4,18.5,30,7.1,,15,17.8,,1010.7,
2023-12-13,19.6,14.7,30.7,2,,162,17.7,,1010.5,
2023-12-14,18.1,12.3,22.4,0,,67,20,,1009.3,
2023-12-15,23.1,17.9,28.9,9.5,,14,16.5,,1008.3,
2023-12-16,21.3,18.3,29.9,0,,63,19,,1008.9,
2023-12-17,22,17.9,27.1,45.9,,252,20.5,,1004.7,
2023-12-18,16.6,12.7,27.4,0,,207,19.8,,1018.4,
2023-12-19,14,11.4,17.4,0,,152,23.4,,1023.5,
2023-12-20,17.4,15.1,19.7,5.6,,90,23.7,,1020.8,
2023-12-21,19.1,15.7,22.5,1.1,,44,10.2,,1015.5,
2023-12-22,18.7,12,25.4,0,,0,14.7,,1013.1,
2023-12-23,19.7,16.1,26.8,6.1,,91,21.9,,1011.1,
2023-12-24,19.8,16.4,24.4,3,,68,12.8,,1011.9,
2023-12-25,18.1,10.7,24.2,1,,196,23.1,,1014.5,
2023-12-26,17.1,14.4,22.5,0,,239,11.7,,1016.9,
2023-12-27,22.8,13.7,30,0,,336,21.5,,1010.5,
2023-12-28,21.4,18.7,30.4,36.5,,294,20,,1003.2,
2023-12-29,16.7,12.3,23.8,4.1,,201,19.8,,1013.6,
2023-12-30,17.4,11.3,30.7,0,,241,14,,1017.7,
2023-12-31,20.4,10.9,29.5,0,,320,20.6,,1015.1,
